Plot,SubPlot,EventDate,CanopyType,CanopyCount
AGFO51,1,Jun  5 2003,Hardwood,2
AGFO51,3,Jun  5 2003,Hardwood,1
AGFO51,4,Jun  8 2006,Hardwood,1
ARPO1,1,Jun  5 2007,Hardwood,9
ARPO1,1,Jun  8 2011,Hardwood,9
ARPO1,1,May 18 2015,Hardwood,7
ARPO1,1,May 21 2019,Hardwood,5
ARPO10,1,Jun  7 2007,Hardwood,2
ARPO10,1,Jun  7 2011,Hardwood,5
ARPO10,1,May 19 2015,Hardwood,6
ARPO10,1,May 20 2019,Hardwood,6
ARPO12,1,Jun  5 2007,Hardwood,7
ARPO12,1,Jun  8 2011,Hardwood,15
ARPO12,1,May 18 2015,Hardwood,7
ARPO12,1,May 21 2019,Hardwood,7
ARPO13,1,Jun  5 2007,Hardwood,7
ARPO13,1,Jun  8 2011,Hardwood,14
ARPO13,1,May 18 2015,Hardwood,6
ARPO13,1,May 21 2019,Hardwood,7
ARPO14,1,Jun  6 2007,Hardwood,10
ARPO14,1,Jun  8 2011,Hardwood,10
ARPO14,1,May 18 2015,Hardwood,7
ARPO14,1,May 21 2019,Hardwood,7
ARPO15,1,Jun  6 2007,Hardwood,3
ARPO15,1,Jun  8 2011,Hardwood,7
ARPO15,1,May 18 2015,Hardwood,3
ARPO15,1,May 21 2019,Hardwood,6
ARPO16,1,Jun  5 2007,Hardwood,16
ARPO16,1,Jun  8 2011,Hardwood,15
ARPO16,1,May 18 2015,Hardwood,4
ARPO16,1,May 21 2019,Hardwood,11
ARPO17,1,Jun  5 2007,Hardwood,9
ARPO17,1,Jun  8 2011,Hardwood,12
ARPO17,1,May 18 2015,Hardwood,6
ARPO17,1,May 21 2019,Hardwood,9
ARPO18,1,Jun  6 2007,Hardwood,1
ARPO18,1,Jun  8 2011,Hardwood,9
ARPO18,1,May 18 2015,Hardwood,4
ARPO18,1,May 20 2019,Hardwood,10
ARPO19,1,Jun  6 2007,Conifer,1
ARPO19,1,Jun  6 2007,Hardwood,11
ARPO19,1,Jun  8 2011,Conifer,2
ARPO19,1,Jun  8 2011,Hardwood,11
ARPO19,1,May 18 2015,Hardwood,6
ARPO19,1,May 21 2019,Conifer,1
ARPO19,1,May 21 2019,Hardwood,15
ARPO2,1,Jun  5 2007,Conifer,3
ARPO2,1,Jun  5 2007,Hardwood,6
ARPO2,1,Jun  8 2011,Conifer,2
ARPO2,1,Jun  8 2011,Hardwood,10
ARPO2,1,May 18 2015,Hardwood,4
ARPO2,1,May 21 2019,Conifer,2
ARPO2,1,May 21 2019,Hardwood,8
ARPO20,1,Jun  6 2007,Hardwood,5
ARPO20,1,Jun  8 2011,Hardwood,9
ARPO20,1,May 18 2015,Hardwood,5
ARPO20,1,May 21 2019,Hardwood,6
ARPO21,1,May 18 2015,Hardwood,3
ARPO21,1,May 20 2019,Hardwood,3
ARPO22,1,Jun  5 2007,Hardwood,8
ARPO22,1,Jun  8 2011,Conifer,4
ARPO22,1,Jun  8 2011,Hardwood,7
ARPO22,1,May 18 2015,Conifer,3
ARPO22,1,May 18 2015,Hardwood,4
ARPO22,1,May 21 2019,Hardwood,10
ARPO23,1,Jun  6 2007,Conifer,3
ARPO23,1,Jun  6 2007,Hardwood,8
ARPO23,1,Jun  8 2011,Conifer,7
ARPO23,1,Jun  8 2011,Hardwood,5
ARPO23,1,May 18 2015,Conifer,3
ARPO23,1,May 18 2015,Hardwood,1
ARPO23,1,May 20 2019,Conifer,6
ARPO23,1,May 20 2019,Hardwood,3
ARPO24,1,Jun  5 2007,Hardwood,6
ARPO24,1,Jun  8 2011,Hardwood,8
ARPO24,1,May 18 2015,Hardwood,8
ARPO24,1,May 21 2019,Hardwood,10
ARPO25,1,Jun  6 2007,Hardwood,3
ARPO25,1,Jun  8 2011,Conifer,2
ARPO25,1,Jun  8 2011,Hardwood,4
ARPO25,1,May 18 2015,Hardwood,2
ARPO25,1,May 20 2019,Hardwood,5
ARPO26,1,Jun  5 2007,Hardwood,3
ARPO26,1,Jun  7 2011,Conifer,2
ARPO26,1,Jun  7 2011,Hardwood,3
ARPO26,1,May 18 2015,Conifer,1
ARPO26,1,May 18 2015,Hardwood,2
ARPO26,1,May 20 2019,Hardwood,3
ARPO27,1,Jun  5 2007,Hardwood,11
ARPO27,1,Jun  7 2011,Hardwood,13
ARPO27,1,May 18 2015,Hardwood,6
ARPO27,1,May 20 2019,Hardwood,10
ARPO28,1,Jun  7 2007,Hardwood,7
ARPO28,1,May 19 2015,Hardwood,7
ARPO3,1,Jun  5 2007,Hardwood,11
ARPO3,1,Jun  8 2011,Hardwood,6
ARPO3,1,May 18 2015,Hardwood,3
ARPO3,1,May 21 2019,Hardwood,9
ARPO30,1,Jun  7 2007,Hardwood,11
ARPO30,1,Jun  7 2011,Hardwood,16
ARPO30,1,May 19 2015,Hardwood,10
ARPO30,1,May 20 2019,Hardwood,11
ARPO36,1,Jun  6 2007,Conifer,1
ARPO36,1,Jun  6 2007,Hardwood,16
ARPO36,1,May 19 2015,Hardwood,12
ARPO4,1,Jun  5 2007,Hardwood,2
ARPO4,1,Jun  8 2011,Hardwood,5
ARPO4,1,May 18 2015,Hardwood,5
ARPO4,1,May 21 2019,Hardwood,10
ARPO5,1,Jun  5 2007,Hardwood,8
ARPO5,1,Jun  7 2011,Hardwood,16
ARPO5,1,May 18 2015,Hardwood,7
ARPO5,1,May 21 2019,Hardwood,13
ARPO7,1,Jun  7 2007,Hardwood,14
ARPO7,1,Jun  7 2011,Hardwood,16
ARPO7,1,May 19 2015,Hardwood,10
ARPO7,1,May 20 2019,Hardwood,13
ARPO9,1,Jun  7 2007,Hardwood,9
ARPO9,1,Jun  7 2011,Hardwood,11
ARPO9,1,May 19 2015,Hardwood,7
ARPO9,1,May 20 2019,Hardwood,13
EFMO1,0,May 24 2017,Hardwood,7
EFMO1,0,May 24 2017,Total,7
EFMO1,1,May 25 2022,Hardwood,4
EFMO1,1,May 29 2013,Hardwood,9
EFMO12,0,May 25 2017,Hardwood,7
EFMO12,0,May 25 2017,Total,7
EFMO12,1,Jun  1 2009,Hardwood,7
EFMO12,1,May 26 2022,Hardwood,13
EFMO12,1,May 31 2013,Hardwood,3
EFMO13,1,Jun  1 2009,Hardwood,8
EFMO14,1,May 31 2009,Hardwood,9
EFMO15,0,May 24 2017,Hardwood,5
EFMO15,0,May 24 2017,Total,5
EFMO15,1,May 24 2022,Hardwood,5
EFMO15,1,May 29 2009,Hardwood,11
EFMO16,0,May 24 2017,Hardwood,7
EFMO16,0,May 24 2017,Total,7
EFMO16,1,May 23 2022,Hardwood,7
EFMO16,1,May 29 2009,Hardwood,9
EFMO16,1,May 30 2013,Hardwood,5
EFMO17,0,May 24 2017,Hardwood,8
EFMO17,0,May 24 2017,Total,8
EFMO17,1,May 25 2022,Hardwood,9
EFMO17,1,May 29 2009,Hardwood,19
EFMO17,1,May 30 2013,Hardwood,5
EFMO18,0,May 24 2017,Hardwood,8
EFMO18,0,May 24 2017,Total,8
EFMO18,1,May 26 2022,Hardwood,8
EFMO18,1,May 31 2009,Hardwood,6
EFMO18,1,May 31 2013,Hardwood,2
EFMO19,1,May 26 2022,Hardwood,5
EFMO19,1,May 31 2009,Hardwood,4
EFMO2,0,May 24 2017,Hardwood,8
EFMO2,0,May 24 2017,Total,8
EFMO2,1,May 25 2022,Hardwood,6
EFMO2,1,May 29 2009,Hardwood,13
EFMO2,1,May 29 2013,Hardwood,6
EFMO22,0,May 24 2017,Hardwood,6
EFMO22,0,May 24 2017,Total,6
EFMO22,1,May 31 2009,Hardwood,8
EFMO24,0,May 24 2017,Hardwood,8
EFMO24,0,May 24 2017,Total,8
EFMO24,1,May 25 2022,Hardwood,7
EFMO24,1,May 29 2009,Hardwood,13
EFMO24,1,May 30 2013,Hardwood,5
EFMO25,0,May 24 2017,Hardwood,16
EFMO25,0,May 24 2017,Total,16
EFMO25,1,May 25 2022,Hardwood,16
EFMO25,1,May 29 2009,Hardwood,12
EFMO25,1,May 30 2013,Hardwood,6
EFMO26,0,May 24 2017,Hardwood,9
EFMO26,0,May 24 2017,Total,9
EFMO26,1,May 26 2022,Hardwood,9
EFMO26,1,May 31 2009,Hardwood,18
EFMO26,1,May 31 2013,Hardwood,2
EFMO27,0,May 24 2017,Hardwood,2
EFMO27,0,May 24 2017,Total,2
EFMO27,1,May 26 2022,Hardwood,4
EFMO27,1,May 31 2009,Hardwood,1
EFMO3,0,May 24 2017,Total,0
EFMO33,0,May 24 2017,Hardwood,8
EFMO33,0,May 24 2017,Total,8
EFMO33,1,May 26 2022,Hardwood,18
EFMO33,1,May 31 2009,Hardwood,7
EFMO33,1,May 31 2013,Hardwood,7
EFMO34,0,May 24 2017,Hardwood,14
EFMO34,0,May 24 2017,Total,14
EFMO34,1,May 26 2022,Hardwood,13
EFMO34,1,May 31 2009,Hardwood,12
EFMO37,0,May 24 2017,Hardwood,7
EFMO37,0,May 24 2017,Total,7
EFMO37,1,May 26 2022,Hardwood,8
EFMO37,1,May 30 2009,Hardwood,12
EFMO38,0,May 25 2017,Hardwood,9
EFMO38,0,May 25 2017,Total,9
EFMO38,1,May 24 2022,Hardwood,17
EFMO38,1,May 30 2009,Hardwood,15
EFMO39,0,May 23 2017,Hardwood,7
EFMO39,0,May 23 2017,Total,7
EFMO39,1,May 26 2022,Hardwood,10
EFMO4,0,May 24 2017,Hardwood,11
EFMO4,0,May 24 2017,Total,11
EFMO4,1,Jun  1 2009,Hardwood,10
EFMO4,1,May 26 2022,Hardwood,14
EFMO4,1,May 31 2013,Hardwood,6
EFMO40,0,May 23 2017,Hardwood,6
EFMO40,0,May 23 2017,Total,6
EFMO40,1,May 26 2022,Hardwood,6
EFMO40,1,May 31 2009,Hardwood,5
EFMO41,0,May 25 2017,Hardwood,10
EFMO41,0,May 25 2017,Total,10
EFMO41,1,May 26 2022,Hardwood,10
EFMO41,1,May 30 2009,Hardwood,5
EFMO42,0,May 25 2017,Hardwood,9
EFMO42,0,May 25 2017,Total,9
EFMO42,1,Jun  1 2013,Hardwood,3
EFMO42,1,May 24 2022,Hardwood,13
EFMO42,1,May 29 2009,Hardwood,13
EFMO42,1,May 30 2009,Hardwood,14
EFMO43,0,May 25 2017,Hardwood,13
EFMO43,0,May 25 2017,Total,13
EFMO43,1,Jun  2 2013,Hardwood,5
EFMO43,1,May 24 2022,Hardwood,11
EFMO43,1,May 30 2009,Hardwood,7
EFMO44,0,May 25 2017,Hardwood,9
EFMO44,0,May 25 2017,Total,9
EFMO44,1,Jun  2 2013,Hardwood,7
EFMO44,1,May 24 2022,Hardwood,10
EFMO44,1,May 30 2009,Hardwood,10
EFMO45,0,May 25 2017,Total,0
EFMO45,1,May 23 2022,Hardwood,3
EFMO46,0,May 25 2017,Hardwood,12
EFMO46,0,May 25 2017,Total,12
EFMO46,1,Jun  2 2013,Hardwood,5
EFMO46,1,May 23 2022,Hardwood,13
EFMO46,1,May 30 2009,Hardwood,14
EFMO47,0,May 25 2017,Hardwood,9
EFMO47,0,May 25 2017,Total,9
EFMO47,1,Jun  2 2013,Hardwood,4
EFMO47,1,May 23 2022,Hardwood,17
EFMO47,1,May 30 2009,Hardwood,11
EFMO5,0,May 24 2017,Hardwood,6
EFMO5,0,May 24 2017,Total,6
EFMO5,1,Jun  1 2009,Hardwood,7
EFMO5,1,May 26 2022,Hardwood,6
EFMO5,1,May 31 2013,Hardwood,7
EFMO52,1,May 30 2009,Hardwood,12
EFMO6,0,May 24 2017,Hardwood,11
EFMO6,0,May 24 2017,Total,11
EFMO8,0,May 24 2017,Hardwood,3
EFMO8,0,May 24 2017,Total,3
EFMO8,1,May 25 2022,Hardwood,4
EFMO8,1,May 29 2009,Hardwood,7
EFMO8,1,May 29 2013,Hardwood,8
EFMO9,0,May 24 2017,Hardwood,9
EFMO9,0,May 24 2017,Total,9
EFMO9,1,May 25 2022,Hardwood,7
EFMO9,1,May 29 2009,Hardwood,14
EFMO9,1,May 29 2013,Hardwood,7
GWCA1,1,Jun  6 2012,Hardwood,11
GWCA1,1,Jun 12 2020,Conifer,0
GWCA1,1,Jun 12 2020,Hardwood,9
GWCA1,1,May 18 2016,Conifer,0
GWCA1,1,May 18 2016,Hardwood,9
GWCA1,1,May 18 2016,Total,9
GWCA1,1,May 28 2008,Hardwood,6
GWCA10,1,Jun 10 2020,Conifer,0
GWCA10,1,Jun 10 2020,Hardwood,0
GWCA10,1,May 18 2016,Total,0
GWCA11,1,Jun  6 2012,Hardwood,15
GWCA11,1,Jun 12 2020,Conifer,0
GWCA11,1,Jun 12 2020,Hardwood,9
GWCA11,1,May 18 2016,Hardwood,10
GWCA11,1,May 18 2016,Total,10
GWCA11,1,May 28 2008,Hardwood,12
GWCA12,1,Jun 10 2020,Conifer,0
GWCA12,1,Jun 10 2020,Hardwood,0
GWCA12,1,May 18 2016,Total,0
GWCA13,1,Jun 10 2020,Conifer,0
GWCA13,1,Jun 10 2020,Hardwood,0
GWCA13,1,May 18 2016,Total,0
GWCA14,1,Jun 10 2020,Conifer,0
GWCA14,1,Jun 10 2020,Hardwood,0
GWCA14,1,May 18 2016,Total,0
GWCA15,1,Jun 10 2020,Conifer,0
GWCA15,1,Jun 10 2020,Hardwood,0
GWCA15,1,May 18 2016,Total,0
GWCA16,1,Jun 10 2020,Conifer,0
GWCA16,1,Jun 10 2020,Hardwood,0
GWCA16,1,May 18 2016,Total,0
GWCA17,1,Jun 10 2020,Conifer,0
GWCA17,1,Jun 10 2020,Hardwood,0
GWCA17,1,May 18 2016,Total,0
GWCA18,1,Jun  5 2012,Hardwood,8
GWCA18,1,Jun 12 2020,Conifer,0
GWCA18,1,Jun 12 2020,Hardwood,8
GWCA18,1,May 20 2016,Hardwood,10
GWCA18,1,May 20 2016,Total,10
GWCA18,1,May 28 2008,Hardwood,5
GWCA19,1,Jun 10 2020,Conifer,0
GWCA19,1,Jun 10 2020,Hardwood,0
GWCA19,1,May 18 2016,Total,0
GWCA2,1,Jun  6 2012,Hardwood,9
GWCA2,1,Jun 12 2020,Conifer,0
GWCA2,1,Jun 12 2020,Hardwood,5
GWCA2,1,May 18 2016,Conifer,0
GWCA2,1,May 18 2016,Hardwood,3
GWCA2,1,May 18 2016,Total,3
GWCA20,1,Jun 10 2020,Conifer,0
GWCA20,1,Jun 10 2020,Hardwood,0
GWCA20,1,May 18 2016,Total,0
GWCA21,1,Jun 10 2020,Conifer,0
GWCA21,1,Jun 10 2020,Hardwood,3
GWCA21,1,May 18 2016,Hardwood,7
GWCA21,1,May 18 2016,Total,7
GWCA21,1,May 28 2008,Hardwood,2
GWCA22,1,Jun 10 2020,Conifer,0
GWCA22,1,Jun 10 2020,Hardwood,3
GWCA22,1,May 18 2016,Hardwood,7
GWCA22,1,May 18 2016,Total,7
GWCA23,1,Jun  4 2012,Hardwood,18
GWCA23,1,Jun 12 2020,Conifer,0
GWCA23,1,Jun 12 2020,Hardwood,7
GWCA23,1,May 20 2016,Hardwood,12
GWCA23,1,May 20 2016,Total,12
GWCA23,1,May 28 2008,Hardwood,10
GWCA24,1,Jun 10 2020,Conifer,0
GWCA24,1,Jun 10 2020,Hardwood,0
GWCA24,1,May 18 2016,Total,0
GWCA25,1,Jun 10 2020,Conifer,0
GWCA25,1,Jun 10 2020,Hardwood,0
GWCA25,1,May 18 2016,Total,0
GWCA26,1,Jun  6 2012,Hardwood,11
GWCA26,1,Jun 11 2020,Conifer,0
GWCA26,1,Jun 11 2020,Hardwood,8
GWCA26,1,May 18 2016,Hardwood,10
GWCA26,1,May 18 2016,Total,10
GWCA26,1,May 29 2008,Hardwood,14
GWCA27,1,Jun  6 2012,Hardwood,12
GWCA27,1,Jun  9 2016,Hardwood,8
GWCA27,1,Jun  9 2016,Total,8
GWCA27,1,Jun 11 2020,Conifer,0
GWCA27,1,Jun 11 2020,Hardwood,13
GWCA27,1,May 29 2008,Hardwood,7
GWCA28,1,Jun  4 2012,Hardwood,9
GWCA28,1,Jun 12 2020,Conifer,0
GWCA28,1,Jun 12 2020,Hardwood,12
GWCA28,1,May 20 2016,Hardwood,4
GWCA28,1,May 20 2016,Total,4
GWCA28,1,May 28 2008,Hardwood,8
GWCA29,1,Jun  5 2012,Conifer,1
GWCA29,1,Jun  5 2012,Hardwood,7
GWCA29,1,Jun 10 2020,Conifer,0
GWCA29,1,Jun 10 2020,Hardwood,7
GWCA29,1,May 20 2016,Hardwood,7
GWCA29,1,May 20 2016,Total,7
GWCA29,1,May 28 2008,Hardwood,3
GWCA3,1,Jun 10 2020,Conifer,0
GWCA3,1,Jun 10 2020,Hardwood,0
GWCA3,1,May 18 2016,Total,0
GWCA30,1,Jun  5 2012,Hardwood,15
GWCA30,1,Jun 10 2020,Conifer,0
GWCA30,1,Jun 10 2020,Hardwood,10
GWCA30,1,May 20 2016,Hardwood,8
GWCA30,1,May 20 2016,Total,8
GWCA30,1,May 28 2008,Hardwood,7
GWCA31,1,Jun  9 2020,Conifer,0
GWCA31,1,Jun  9 2020,Hardwood,0
GWCA31,1,May 18 2016,Total,0
GWCA32,1,Jun  6 2012,Hardwood,3
GWCA32,1,Jun  8 2020,Conifer,0
GWCA32,1,Jun  8 2020,Hardwood,0
GWCA32,1,May 18 2016,Hardwood,1
GWCA32,1,May 18 2016,Total,1
GWCA33,1,Jun  6 2012,Hardwood,11
GWCA33,1,Jun 11 2020,Conifer,0
GWCA33,1,Jun 11 2020,Hardwood,13
GWCA33,1,May 20 2016,Hardwood,12
GWCA33,1,May 20 2016,Total,12
GWCA33,1,May 29 2008,Hardwood,13
GWCA34,1,Jun  4 2012,Hardwood,13
GWCA34,1,Jun 11 2020,Conifer,0
GWCA34,1,Jun 11 2020,Hardwood,7
GWCA34,1,May 20 2016,Hardwood,10
GWCA34,1,May 20 2016,Total,10
GWCA34,1,May 27 2008,Hardwood,9
GWCA35,1,Jun  4 2012,Hardwood,3
GWCA35,1,Jun 11 2020,Conifer,0
GWCA35,1,Jun 11 2020,Hardwood,6
GWCA35,1,May 20 2016,Hardwood,2
GWCA35,1,May 20 2016,Total,2
GWCA35,1,May 27 2008,Hardwood,2
GWCA36,1,Jun  9 2020,Conifer,0
GWCA36,1,Jun  9 2020,Hardwood,0
GWCA36,1,May 18 2016,Total,0
GWCA37,1,Jun  6 2012,Hardwood,17
GWCA37,1,Jun 11 2020,Conifer,0
GWCA37,1,Jun 11 2020,Hardwood,17
GWCA37,1,May 20 2016,Hardwood,13
GWCA37,1,May 20 2016,Total,13
GWCA37,1,May 29 2008,Hardwood,11
GWCA38,1,Jun  4 2012,Hardwood,2
GWCA38,1,Jun  9 2020,Conifer,0
GWCA38,1,Jun  9 2020,Hardwood,1
GWCA38,1,May 20 2016,Hardwood,2
GWCA38,1,May 20 2016,Total,2
GWCA39,1,Jun  4 2012,Hardwood,5
GWCA39,1,Jun 11 2020,Conifer,0
GWCA39,1,Jun 11 2020,Hardwood,6
GWCA39,1,May 20 2016,Hardwood,6
GWCA39,1,May 20 2016,Total,6
GWCA39,1,May 27 2008,Hardwood,7
GWCA4,1,Jun 10 2020,Conifer,0
GWCA4,1,Jun 10 2020,Hardwood,0
GWCA4,1,May 18 2016,Total,0
GWCA40,1,Jun  4 2012,Hardwood,4
GWCA40,1,Jun 11 2020,Conifer,0
GWCA40,1,Jun 11 2020,Hardwood,4
GWCA40,1,May 20 2016,Hardwood,4
GWCA40,1,May 20 2016,Total,4
GWCA40,1,May 27 2008,Hardwood,3
GWCA41,1,Jun  9 2020,Conifer,0
GWCA41,1,Jun  9 2020,Hardwood,0
GWCA41,1,May 20 2016,Total,0
GWCA42,1,Jun  9 2020,Conifer,0
GWCA42,1,Jun  9 2020,Hardwood,2
GWCA42,1,May 18 2016,Hardwood,1
GWCA42,1,May 18 2016,Total,1
GWCA42,1,May 29 2008,Hardwood,1
GWCA43,1,Jun  9 2020,Conifer,0
GWCA43,1,Jun  9 2020,Hardwood,0
GWCA43,1,May 18 2016,Total,0
GWCA44,1,Jun  9 2020,Conifer,0
GWCA44,1,Jun  9 2020,Hardwood,0
GWCA44,1,May 20 2016,Total,0
GWCA45,1,Jun  4 2012,Hardwood,1
GWCA45,1,Jun  8 2020,Conifer,0
GWCA45,1,Jun  8 2020,Hardwood,0
GWCA45,1,May 18 2016,Total,0
GWCA46,1,Jun  8 2020,Conifer,0
GWCA46,1,Jun  8 2020,Hardwood,0
GWCA46,1,May 18 2016,Total,0
GWCA47,1,Jun  8 2020,Conifer,0
GWCA47,1,Jun  8 2020,Hardwood,0
GWCA47,1,May 18 2016,Total,0
GWCA48,1,Jun  8 2020,Conifer,0
GWCA48,1,Jun  8 2020,Hardwood,1
GWCA48,1,May 18 2016,Total,0
GWCA48,1,May 27 2008,Hardwood,1
GWCA49,1,Jun  9 2020,Conifer,0
GWCA49,1,Jun  9 2020,Hardwood,0
GWCA49,1,May 18 2016,Total,0
GWCA5,1,Jun 10 2020,Conifer,0
GWCA5,1,Jun 10 2020,Hardwood,0
GWCA5,1,May 18 2016,Total,0
GWCA50,1,Jun  8 2020,Conifer,0
GWCA50,1,Jun  8 2020,Hardwood,0
GWCA50,1,May 18 2016,Total,0
GWCA51,1,Jun  8 2020,Conifer,0
GWCA51,1,Jun  8 2020,Hardwood,0
GWCA51,1,May 18 2016,Total,0
GWCA52,1,Jun  8 2020,Conifer,0
GWCA52,1,Jun  8 2020,Hardwood,0
GWCA52,1,May 18 2016,Total,0
GWCA53,1,Jun  6 2012,Hardwood,14
GWCA53,1,Jun 11 2020,Conifer,0
GWCA53,1,Jun 11 2020,Hardwood,7
GWCA53,1,May 18 2016,Conifer,1
GWCA53,1,May 18 2016,Hardwood,11
GWCA53,1,May 18 2016,Total,12
GWCA53,1,May 29 2008,Hardwood,8
GWCA54,1,Jun  8 2020,Conifer,0
GWCA54,1,Jun  8 2020,Hardwood,0
GWCA54,1,May 18 2016,Total,0
GWCA55,1,Jun  9 2020,Conifer,0
GWCA55,1,Jun  9 2020,Hardwood,0
GWCA55,1,May 18 2016,Total,0
GWCA55,1,May 27 2008,Hardwood,4
GWCA56,1,Jun  8 2020,Conifer,0
GWCA56,1,Jun  8 2020,Hardwood,0
GWCA56,1,May 18 2016,Total,0
GWCA57,1,Jun  8 2020,Conifer,0
GWCA57,1,Jun  8 2020,Hardwood,0
GWCA57,1,May 18 2016,Total,0
GWCA58,1,Jun  6 2012,Hardwood,7
GWCA58,1,Jun 11 2020,Conifer,0
GWCA58,1,Jun 11 2020,Hardwood,6
GWCA58,1,May 18 2016,Hardwood,4
GWCA58,1,May 18 2016,Total,4
GWCA58,1,May 29 2008,Hardwood,10
GWCA59,1,Jun  9 2020,Conifer,0
GWCA59,1,Jun  9 2020,Hardwood,0
GWCA59,1,May 18 2016,Total,0
GWCA6,1,Jun 10 2020,Conifer,0
GWCA6,1,Jun 10 2020,Hardwood,0
GWCA6,1,May 18 2016,Total,0
GWCA60,1,Jun  8 2020,Conifer,0
GWCA60,1,Jun  8 2020,Hardwood,0
GWCA60,1,May 18 2016,Total,0
GWCA61,1,Jun  8 2020,Conifer,0
GWCA61,1,Jun  8 2020,Hardwood,0
GWCA61,1,May 18 2016,Total,0
GWCA62,1,Jun  6 2012,Hardwood,2
GWCA62,1,Jun 11 2020,Conifer,0
GWCA62,1,Jun 11 2020,Hardwood,2
GWCA62,1,May 18 2016,Total,0
GWCA62,1,May 29 2008,Hardwood,2
GWCA63,1,Jun  9 2020,Conifer,0
GWCA63,1,Jun  9 2020,Hardwood,0
GWCA63,1,May 18 2016,Total,0
GWCA64,1,Jun  9 2020,Conifer,0
GWCA64,1,Jun  9 2020,Hardwood,0
GWCA64,1,May 18 2016,Total,0
GWCA65,1,Jun  8 2020,Conifer,0
GWCA65,1,Jun  8 2020,Hardwood,0
GWCA65,1,May 18 2016,Total,0
GWCA66,1,Jun  8 2020,Conifer,0
GWCA66,1,Jun  8 2020,Hardwood,0
GWCA66,1,May 18 2016,Total,0
GWCA67,1,Jun  4 2012,Hardwood,10
GWCA67,1,Jun 11 2020,Conifer,0
GWCA67,1,Jun 11 2020,Hardwood,1
GWCA67,1,May 18 2016,Hardwood,2
GWCA67,1,May 18 2016,Total,2
GWCA67,1,May 27 2008,Hardwood,3
GWCA68,1,Jun  8 2020,Conifer,0
GWCA68,1,Jun  8 2020,Hardwood,0
GWCA68,1,May 18 2016,Total,0
GWCA69,1,Jun  9 2020,Conifer,0
GWCA69,1,Jun  9 2020,Hardwood,0
GWCA69,1,May 18 2016,Total,0
GWCA7,1,Jun 10 2020,Conifer,0
GWCA7,1,Jun 10 2020,Hardwood,0
GWCA7,1,May 18 2016,Total,0
GWCA70,1,Jun  8 2020,Conifer,0
GWCA70,1,Jun  8 2020,Hardwood,0
GWCA70,1,May 18 2016,Total,0
GWCA8,1,Jun 10 2020,Conifer,0
GWCA8,1,Jun 10 2020,Hardwood,0
GWCA8,1,May 18 2016,Total,0
GWCA9,1,Jun 10 2020,Conifer,0
GWCA9,1,Jun 10 2020,Hardwood,0
GWCA9,1,May 18 2016,Total,0
HEHO1,0,May 22 2017,Total,0
HEHO10,0,May 22 2017,Total,0
HEHO11,0,May 22 2017,Total,0
HEHO12,0,May 22 2017,Total,0
HEHO13,0,May 22 2017,Total,0
HEHO14,0,May 22 2017,Total,0
HEHO15,0,May 22 2017,Total,0
HEHO15,1,May 27 2009,Hardwood,1
HEHO16,1,May 22 2017,Total,0
HEHO17,0,May 22 2017,Total,0
HEHO18,0,May 22 2017,Total,0
HEHO19,0,May 22 2017,Total,0
HEHO2,0,May 22 2017,Total,0
HEHO20,0,May 22 2017,Total,0
HEHO21,0,May 22 2017,Total,0
HEHO22,0,May 22 2017,Total,0
HEHO23,0,May 22 2017,Total,0
HEHO24,0,May 22 2017,Total,0
HEHO25,0,May 22 2017,Total,0
HEHO26,0,May 22 2017,Total,0
HEHO27,0,May 22 2017,Total,0
HEHO28,0,May 22 2017,Total,0
HEHO29,0,May 23 2017,Conifer,2
HEHO29,0,May 23 2017,Hardwood,3
HEHO29,0,May 23 2017,Total,5
HEHO29,1,May 27 2009,Conifer,1
HEHO29,1,May 27 2009,Hardwood,3
HEHO29,1,May 27 2022,Hardwood,3
HEHO3,0,May 22 2017,Total,0
HEHO30,0,May 23 2017,Hardwood,5
HEHO30,0,May 23 2017,Total,5
HEHO30,1,May 27 2009,Hardwood,5
HEHO30,1,May 27 2022,Hardwood,4
HEHO31,0,May 23 2017,Conifer,5
HEHO31,0,May 23 2017,Hardwood,3
HEHO31,0,May 23 2017,Total,8
HEHO31,1,May 27 2009,Conifer,8
HEHO31,1,May 27 2009,Hardwood,3
HEHO31,1,May 27 2022,Hardwood,9
HEHO31,1,May 28 2013,Conifer,5
HEHO31,1,May 28 2013,Hardwood,2
HEHO32,0,May 23 2017,Hardwood,4
HEHO32,0,May 23 2017,Total,4
HEHO32,1,May 27 2009,Hardwood,4
HEHO32,1,May 27 2022,Hardwood,4
HEHO33,0,May 23 2017,Total,0
HEHO34,0,May 23 2017,Total,0
HEHO35,0,May 23 2017,Hardwood,2
HEHO35,0,May 23 2017,Total,2
HEHO35,1,May 27 2009,Hardwood,3
HEHO35,1,May 27 2022,Hardwood,3
HEHO35,1,May 28 2013,Hardwood,3
HEHO36,0,May 23 2017,Hardwood,6
HEHO36,0,May 23 2017,Total,6
HEHO36,1,May 27 2009,Hardwood,4
HEHO36,1,May 27 2022,Hardwood,4
HEHO37,0,May 23 2017,Conifer,2
HEHO37,0,May 23 2017,Hardwood,1
HEHO37,0,May 23 2017,Total,3
HEHO37,1,May 27 2009,Hardwood,3
HEHO37,1,May 27 2022,Hardwood,2
HEHO38,0,May 22 2017,Hardwood,3
HEHO38,0,May 22 2017,Total,3
HEHO38,1,May 27 2009,Hardwood,3
HEHO38,1,May 27 2022,Hardwood,3
HEHO4,0,May 22 2017,Total,0
HEHO4,2,Jun  4 2005,Hardwood,1
HEHO4,2,Jun  4 2006,Hardwood,1
HEHO5,0,May 22 2017,Total,0
HEHO6,0,May 22 2017,Total,0
HEHO7,0,May 22 2017,Total,0
HEHO7,2,Jun  4 2005,Hardwood,3
HEHO7,2,Jun  4 2006,Hardwood,2
HEHO7,3,Jun  4 2006,Hardwood,1
HEHO8,0,May 22 2017,Total,0
HEHO9,0,May 22 2017,Total,0
HOCU1,1,Jun  2 2005,Hardwood,9
HOCU1,1,May 12 2015,Hardwood,2
HOCU1,1,May 14 2019,Hardwood,3
HOCU1,1,May 22 2011,Hardwood,2
HOCU1,1,May 31 2006,Hardwood,4
HOCU1,2,Jun  2 2005,Hardwood,3
HOCU1,2,May 31 2006,Hardwood,6
HOCU1,4,Jun  2 2005,Hardwood,19
HOCU1,4,May 31 2006,Hardwood,3
HOCU11,1,Jun  3 2005,Hardwood,4
HOCU11,1,Jun 12 2007,Hardwood,3
HOCU11,1,May 12 2015,Hardwood,5
HOCU11,1,May 15 2019,Hardwood,9
HOCU11,1,May 22 2011,Hardwood,8
HOCU11,1,May 31 2006,Hardwood,3
HOCU11,2,Jun  3 2005,Hardwood,3
HOCU11,2,May 31 2006,Hardwood,6
HOCU11,3,Jun  3 2005,Hardwood,9
HOCU11,3,May 31 2006,Hardwood,4
HOCU11,4,Jun  3 2005,Hardwood,7
HOCU11,4,May 31 2006,Hardwood,8
HOCU12,1,May 23 2011,Hardwood,1
HOCU13,1,Jun 13 2007,Hardwood,1
HOCU13,1,May 13 2015,Hardwood,1
HOCU13,1,May 14 2019,Hardwood,6
HOCU13,1,May 23 2011,Hardwood,4
HOCU13,3,Jun  1 2005,Hardwood,4
HOCU15,2,Jun  1 2005,Hardwood,2
HOCU15,2,Jun  1 2006,Hardwood,1
HOCU17,2,Jun  1 2006,Hardwood,1
HOCU18,1,Jun  1 2005,Hardwood,2
HOCU18,1,Jun  1 2006,Hardwood,3
HOCU18,1,May 14 2019,Hardwood,1
HOCU18,1,May 23 2011,Hardwood,2
HOCU18,2,Jun  1 2006,Hardwood,2
HOCU18,3,Jun  1 2005,Hardwood,10
HOCU18,3,Jun  1 2006,Hardwood,5
HOCU2,1,Jun  1 2005,Hardwood,4
HOCU2,1,Jun 12 2007,Hardwood,5
HOCU2,1,May 12 2015,Hardwood,5
HOCU2,1,May 14 2019,Hardwood,10
HOCU2,1,May 22 2011,Hardwood,10
HOCU2,1,May 31 2006,Hardwood,8
HOCU2,2,Jun  1 2005,Hardwood,5
HOCU2,2,May 31 2006,Hardwood,3
HOCU2,3,Jun  1 2005,Hardwood,9
HOCU2,3,May 31 2006,Hardwood,4
HOCU2,4,Jun  1 2005,Hardwood,9
HOCU2,4,May 31 2006,Hardwood,6
HOCU20,4,Jun  2 2005,Hardwood,2
HOCU21,1,Jun  2 2005,Hardwood,17
HOCU21,1,Jun  2 2006,Hardwood,18
HOCU21,1,Jun 12 2007,Hardwood,10
HOCU21,1,May 14 2015,Hardwood,12
HOCU21,1,May 15 2019,Hardwood,17
HOCU21,2,Jun  2 2005,Hardwood,11
HOCU21,2,Jun  2 2006,Hardwood,7
HOCU21,3,Jun  2 2005,Hardwood,18
HOCU21,3,Jun  2 2006,Hardwood,16
HOCU21,4,Jun  2 2005,Hardwood,23
HOCU21,4,Jun  2 2006,Hardwood,15
HOCU26,1,May 16 2019,Hardwood,1
HOCU26,1,May 23 2011,Hardwood,1
HOCU26,2,Jun  1 2006,Hardwood,3
HOCU26,2,Jun  3 2005,Hardwood,4
HOCU26,3,Jun  1 2006,Hardwood,1
HOCU3,4,Jun  2 2005,Hardwood,12
HOCU3,4,May 31 2006,Hardwood,3
HOCU4,1,Jun  2 2005,Hardwood,17
HOCU4,1,Jun 12 2007,Hardwood,8
HOCU4,1,May 12 2015,Hardwood,13
HOCU4,1,May 14 2019,Hardwood,17
HOCU4,1,May 22 2011,Hardwood,22
HOCU4,1,May 31 2006,Hardwood,15
HOCU4,3,Jun  2 2005,Hardwood,5
HOCU4,3,May 31 2006,Hardwood,5
HOCU4,4,Jun  2 2005,Hardwood,18
HOCU4,4,May 31 2006,Hardwood,11
HOCU8,4,Jun  2 2005,Hardwood,1
HOCU8,4,Jun  2 2006,Hardwood,2
HOME1,0,May 27 2017,Total,0
HOME10,0,May 27 2017,Total,0
HOME11,0,May 27 2017,Total,0
HOME12,0,May 27 2017,Total,0
HOME13,0,May 27 2017,Total,0
HOME14,0,May 27 2017,Total,0
HOME15,0,May 27 2017,Total,0
HOME16,0,May 27 2017,Total,0
HOME17,0,May 27 2017,Total,0
HOME18,0,May 27 2017,Total,0
HOME19,0,May 27 2017,Total,0
HOME2,0,May 27 2017,Total,0
HOME20,0,May 28 2017,Total,0
HOME20,1,May 12 2009,Hardwood,1
HOME20,1,May 22 2022,Hardwood,1
HOME21,0,May 27 2017,Total,0
HOME22,1,May 27 2017,Total,0
HOME23,0,May 28 2017,Total,0
HOME24,0,May 27 2017,Total,0
HOME25,0,May 27 2017,Total,0
HOME26,0,May 27 2017,Total,0
HOME27,0,May 28 2017,Hardwood,1
HOME27,0,May 28 2017,Total,1
HOME27,1,May 12 2009,Hardwood,1
HOME27,1,May 22 2022,Hardwood,1
HOME28,0,May 27 2017,Total,0
HOME29,0,May 27 2017,Total,0
HOME3,0,May 27 2017,Total,0
HOME30,0,May 27 2017,Total,0
HOME31,0,May 27 2017,Hardwood,12
HOME31,0,May 27 2017,Total,12
HOME31,1,May 12 2009,Hardwood,10
HOME31,1,May 22 2022,Hardwood,16
HOME32,0,May 28 2017,Hardwood,11
HOME32,0,May 28 2017,Total,11
HOME32,1,May 13 2009,Hardwood,10
HOME32,1,May 21 2022,Hardwood,13
HOME33,0,May 27 2017,Hardwood,18
HOME33,0,May 27 2017,Total,18
HOME33,1,May 13 2009,Hardwood,8
HOME33,1,May 21 2022,Hardwood,10
HOME35,0,May 27 2017,Hardwood,10
HOME35,0,May 27 2017,Total,10
HOME35,1,May 13 2009,Hardwood,9
HOME35,1,May 22 2022,Hardwood,9
HOME36,0,May 27 2017,Hardwood,11
HOME36,0,May 27 2017,Total,11
HOME36,1,May 12 2009,Hardwood,10
HOME36,1,May 22 2022,Hardwood,12
HOME37,0,May 27 2017,Hardwood,10
HOME37,0,May 27 2017,Total,10
HOME37,1,May 12 2009,Hardwood,11
HOME37,1,May 14 2013,Hardwood,11
HOME37,1,May 22 2022,Hardwood,17
HOME38,0,May 27 2017,Hardwood,5
HOME38,0,May 27 2017,Total,5
HOME38,1,May 13 2009,Hardwood,2
HOME38,1,May 21 2022,Hardwood,5
HOME39,0,May 27 2017,Hardwood,7
HOME39,0,May 27 2017,Total,7
HOME39,1,May 12 2009,Hardwood,7
HOME39,1,May 14 2013,Hardwood,8
HOME39,1,May 22 2022,Hardwood,4
HOME4,0,May 27 2017,Conifer,1
HOME4,0,May 27 2017,Hardwood,3
HOME4,0,May 27 2017,Total,4
HOME4,1,May 13 2009,Hardwood,4
HOME4,1,May 21 2022,Conifer,1
HOME4,1,May 21 2022,Hardwood,3
HOME40,0,May 27 2017,Hardwood,12
HOME40,0,May 27 2017,Total,12
HOME40,1,May 13 2009,Hardwood,9
HOME40,1,May 22 2022,Hardwood,13
HOME43,0,May 27 2017,Hardwood,13
HOME43,0,May 27 2017,Total,13
HOME43,1,May 13 2009,Hardwood,10
HOME43,1,May 22 2022,Hardwood,13
HOME44,0,May 27 2017,Hardwood,14
HOME44,0,May 27 2017,Total,14
HOME44,1,May 13 2009,Hardwood,14
HOME44,1,May 22 2022,Hardwood,12
HOME45,0,May 27 2017,Hardwood,13
HOME45,0,May 27 2017,Total,13
HOME45,1,May 13 2009,Hardwood,7
HOME45,1,May 22 2022,Hardwood,11
HOME46,0,May 27 2017,Hardwood,16
HOME46,0,May 27 2017,Total,16
HOME46,1,May 12 2009,Hardwood,10
HOME46,1,May 22 2022,Hardwood,9
HOME47,0,May 27 2017,Hardwood,11
HOME47,0,May 27 2017,Total,11
HOME47,1,May 13 2009,Hardwood,9
HOME47,1,May 14 2013,Hardwood,7
HOME47,1,May 22 2022,Hardwood,16
HOME48,1,May 12 2009,Hardwood,1
HOME5,0,May 27 2017,Total,0
HOME6,1,May 27 2017,Total,0
HOME7,0,May 27 2017,Total,0
HOME8,0,May 27 2017,Total,0
HOME9,1,May 12 2009,Hardwood,2
HOME9,1,May 21 2022,Hardwood,3
HOME9,1,May 27 2017,Hardwood,2
HOME9,1,May 27 2017,Total,2
LIBO1,1,Jun 10 2007,Hardwood,10
LIBO1,1,May 15 2015,Hardwood,8
LIBO1,1,May 18 2019,Hardwood,11
LIBO1,1,May 20 2011,Hardwood,21
LIBO10,1,Jun  9 2007,Hardwood,4
LIBO10,1,May 15 2015,Hardwood,2
LIBO10,1,May 18 2019,Hardwood,15
LIBO10,1,May 20 2011,Hardwood,9
LIBO13,1,Jun  9 2007,Hardwood,9
LIBO13,1,May 15 2015,Hardwood,10
LIBO13,1,May 18 2019,Hardwood,8
LIBO13,1,May 20 2011,Hardwood,7
LIBO14,1,Jun  9 2007,Hardwood,6
LIBO14,1,May 15 2015,Hardwood,8
LIBO14,1,May 18 2019,Hardwood,9
LIBO14,1,May 20 2011,Hardwood,4
LIBO16,1,Jun 10 2007,Hardwood,8
LIBO16,1,May 15 2015,Hardwood,7
LIBO16,1,May 18 2019,Hardwood,12
LIBO16,1,May 20 2011,Conifer,1
LIBO16,1,May 20 2011,Hardwood,10
LIBO17,1,Jun  9 2007,Conifer,1
LIBO17,1,Jun  9 2007,Hardwood,12
LIBO17,1,May 16 2015,Conifer,1
LIBO17,1,May 16 2015,Hardwood,5
LIBO17,1,May 17 2019,Hardwood,14
LIBO17,1,May 20 2011,Hardwood,13
LIBO19,1,Jun 10 2007,Hardwood,8
LIBO19,1,May 15 2015,Hardwood,5
LIBO19,1,May 17 2019,Hardwood,10
LIBO19,1,May 20 2011,Hardwood,15
LIBO2,1,Jun  9 2007,Hardwood,6
LIBO2,1,May 15 2015,Hardwood,10
LIBO2,1,May 18 2019,Hardwood,14
LIBO2,1,May 20 2011,Hardwood,13
LIBO20,1,Jun 10 2007,Hardwood,9
LIBO20,1,May 16 2015,Hardwood,3
LIBO20,1,May 17 2019,Hardwood,8
LIBO20,1,May 20 2011,Hardwood,4
LIBO22,1,Jun 10 2007,Hardwood,8
LIBO22,1,May 15 2015,Hardwood,6
LIBO22,1,May 17 2019,Hardwood,11
LIBO22,1,May 20 2011,Hardwood,13
LIBO23,1,Jun 10 2007,Hardwood,10
LIBO23,1,May 16 2015,Hardwood,3
LIBO23,1,May 17 2019,Hardwood,6
LIBO23,1,May 20 2011,Hardwood,5
LIBO24,1,Jun  9 2007,Hardwood,10
LIBO24,1,May 16 2015,Hardwood,4
LIBO24,1,May 17 2019,Hardwood,8
LIBO24,1,May 20 2011,Hardwood,9
LIBO26,1,Jun 10 2007,Hardwood,7
LIBO26,1,May 15 2015,Hardwood,2
LIBO26,1,May 17 2019,Hardwood,13
LIBO26,1,May 21 2011,Conifer,1
LIBO26,1,May 21 2011,Hardwood,2
LIBO27,1,Jun 10 2007,Hardwood,12
LIBO27,1,May 15 2015,Hardwood,9
LIBO27,1,May 17 2019,Hardwood,18
LIBO27,1,May 21 2011,Hardwood,20
LIBO28,1,Jun 10 2007,Hardwood,7
LIBO28,1,May 16 2015,Hardwood,4
LIBO28,1,May 17 2019,Hardwood,10
LIBO28,1,May 20 2011,Hardwood,12
LIBO29,1,Jun 10 2007,Conifer,2
LIBO29,1,Jun 10 2007,Hardwood,12
LIBO29,1,May 15 2015,Hardwood,4
LIBO29,1,May 17 2019,Conifer,1
LIBO29,1,May 17 2019,Hardwood,11
LIBO29,1,May 21 2011,Conifer,4
LIBO29,1,May 21 2011,Hardwood,12
LIBO3,1,Jun  9 2007,Hardwood,7
LIBO3,1,May 15 2015,Hardwood,6
LIBO3,1,May 18 2019,Hardwood,13
LIBO3,1,May 20 2011,Hardwood,19
LIBO30,1,Jun 10 2007,Hardwood,5
LIBO30,1,May 15 2015,Hardwood,7
LIBO30,1,May 17 2019,Hardwood,10
LIBO30,1,May 21 2011,Hardwood,12
LIBO31,1,Jun 10 2007,Conifer,1
LIBO31,1,Jun 10 2007,Hardwood,10
LIBO31,1,May 16 2015,Hardwood,7
LIBO31,1,May 17 2019,Conifer,1
LIBO31,1,May 17 2019,Hardwood,7
LIBO31,1,May 20 2011,Hardwood,6
LIBO32,1,Jun  9 2007,Hardwood,4
LIBO32,1,May 15 2015,Conifer,1
LIBO32,1,May 15 2015,Hardwood,3
LIBO32,1,May 17 2019,Hardwood,5
LIBO32,1,May 21 2011,Conifer,1
LIBO32,1,May 21 2011,Hardwood,2
LIBO33,1,Jun 10 2007,Hardwood,6
LIBO33,1,May 15 2015,Hardwood,6
LIBO33,1,May 17 2019,Hardwood,12
LIBO33,1,May 21 2011,Hardwood,11
LIBO34,1,Jun 10 2007,Hardwood,11
LIBO34,1,May 16 2015,Hardwood,8
LIBO34,1,May 18 2019,Hardwood,9
LIBO34,1,May 21 2011,Hardwood,13
LIBO35,1,Jun 10 2007,Hardwood,8
LIBO35,1,May 16 2015,Hardwood,5
LIBO35,1,May 17 2019,Hardwood,6
LIBO35,1,May 20 2011,Hardwood,8
LIBO36,1,Jun 10 2007,Hardwood,8
LIBO36,1,May 15 2015,Conifer,1
LIBO36,1,May 15 2015,Hardwood,4
LIBO36,1,May 17 2019,Conifer,1
LIBO36,1,May 17 2019,Hardwood,13
LIBO36,1,May 21 2011,Conifer,1
LIBO36,1,May 21 2011,Hardwood,12
LIBO37,1,Jun 10 2007,Hardwood,2
LIBO37,1,May 15 2015,Hardwood,5
LIBO37,1,May 17 2019,Hardwood,11
LIBO37,1,May 21 2011,Hardwood,5
LIBO38,1,Jun  9 2007,Hardwood,14
LIBO38,1,May 16 2015,Hardwood,8
LIBO38,1,May 18 2019,Hardwood,14
LIBO38,1,May 21 2011,Hardwood,21
LIBO39,1,Jun 10 2007,Hardwood,10
LIBO39,1,May 16 2015,Hardwood,5
LIBO39,1,May 17 2019,Hardwood,8
LIBO39,1,May 20 2011,Hardwood,5
LIBO4,1,Jun  9 2007,Hardwood,8
LIBO4,1,May 15 2015,Hardwood,9
LIBO4,1,May 18 2019,Hardwood,13
LIBO4,1,May 20 2011,Hardwood,23
LIBO40,1,Jun  9 2007,Hardwood,6
LIBO40,1,May 16 2015,Hardwood,10
LIBO40,1,May 17 2019,Hardwood,10
LIBO40,1,May 21 2011,Hardwood,13
LIBO41,1,Jun 10 2007,Hardwood,6
LIBO41,1,May 16 2015,Hardwood,6
LIBO41,1,May 17 2019,Hardwood,9
LIBO41,1,May 20 2011,Hardwood,6
LIBO5,1,Jun  9 2007,Hardwood,4
LIBO5,1,May 15 2015,Hardwood,4
LIBO5,1,May 18 2019,Hardwood,8
LIBO5,1,May 20 2011,Hardwood,12
LIBO6,1,Jun  9 2007,Hardwood,6
LIBO6,1,May 15 2015,Hardwood,4
LIBO6,1,May 18 2019,Hardwood,11
LIBO6,1,May 20 2011,Hardwood,12
LIBO7,1,Jun  9 2007,Hardwood,6
LIBO7,1,May 15 2015,Hardwood,5
LIBO7,1,May 18 2019,Hardwood,5
LIBO7,1,May 20 2011,Hardwood,9
LIBO8,1,Jun  9 2007,Conifer,1
LIBO8,1,Jun  9 2007,Hardwood,6
LIBO8,1,May 15 2015,Hardwood,3
LIBO8,1,May 18 2019,Hardwood,12
LIBO8,1,May 20 2011,Conifer,2
LIBO8,1,May 20 2011,Hardwood,9
LIBO9,1,Jun  9 2007,Hardwood,7
LIBO9,1,May 15 2015,Hardwood,5
LIBO9,1,May 18 2019,Hardwood,9
LIBO9,1,May 20 2011,Hardwood,12
PERI1,1,May 14 2008,Conifer,1
PERI1,1,May 14 2008,Hardwood,5
PERI1,1,May 21 2012,Hardwood,5
PERI1,1,May 21 2016,Hardwood,4
PERI1,1,May 21 2016,Total,4
PERI10,1,May 17 2021,Hardwood,12
PERI10,1,May 18 2008,Hardwood,8
PERI10,1,May 23 2012,Hardwood,9
PERI11,1,May 18 2008,Hardwood,11
PERI11,1,May 22 2021,Hardwood,10
PERI11,1,May 23 2012,Hardwood,10
PERI11,1,May 25 2016,Hardwood,5
PERI11,1,May 25 2016,Total,5
PERI12,1,May 17 2008,Hardwood,14
PERI12,1,May 20 2021,Hardwood,11
PERI12,1,May 22 2012,Hardwood,7
PERI12,1,May 24 2016,Total,12
PERI13,1,May 17 2008,Hardwood,4
PERI13,1,May 20 2021,Hardwood,5
PERI13,1,May 22 2012,Hardwood,8
PERI13,1,May 24 2016,Hardwood,10
PERI13,1,May 24 2016,Total,10
PERI14,1,May 21 2012,Conifer,1
PERI14,1,May 23 2016,Total,0
PERI15,1,May 14 2008,Hardwood,12
PERI15,1,May 17 2021,Hardwood,12
PERI15,1,May 18 2012,Hardwood,5
PERI15,1,May 21 2016,Hardwood,8
PERI15,1,May 21 2016,Total,8
PERI16,1,May 14 2008,Hardwood,9
PERI16,1,May 17 2016,Hardwood,9
PERI16,1,May 17 2016,Total,9
PERI16,1,May 18 2012,Hardwood,7
PERI16,1,May 19 2021,Hardwood,7
PERI17,1,May 14 2008,Conifer,3
PERI17,1,May 17 2016,Conifer,4
PERI17,1,May 17 2016,Hardwood,2
PERI17,1,May 17 2016,Total,6
PERI17,1,May 17 2021,Hardwood,3
PERI17,1,May 23 2012,Conifer,3
PERI18,1,May 17 2016,Hardwood,8
PERI18,1,May 17 2016,Total,8
PERI18,1,May 17 2021,Hardwood,7
PERI18,1,May 18 2008,Hardwood,12
PERI18,1,May 23 2012,Hardwood,8
PERI19,1,May 17 2016,Hardwood,9
PERI19,1,May 17 2016,Total,9
PERI19,1,May 18 2008,Hardwood,10
PERI19,1,May 22 2021,Hardwood,8
PERI19,1,May 23 2012,Hardwood,11
PERI2,1,May 14 2008,Hardwood,9
PERI2,1,May 17 2016,Hardwood,10
PERI2,1,May 17 2016,Total,10
PERI2,1,May 17 2021,Hardwood,13
PERI2,1,May 18 2012,Hardwood,8
PERI20,1,May 17 2008,Hardwood,7
PERI20,1,May 20 2021,Hardwood,6
PERI20,1,May 22 2012,Hardwood,4
PERI20,1,May 24 2016,Hardwood,9
PERI20,1,May 24 2016,Total,9
PERI22,1,May 14 2008,Hardwood,4
PERI22,1,May 17 2021,Hardwood,18
PERI22,1,May 18 2012,Hardwood,10
PERI22,1,May 21 2016,Hardwood,16
PERI22,1,May 21 2016,Total,16
PERI23,1,May 14 2008,Conifer,6
PERI23,1,May 14 2008,Hardwood,6
PERI23,1,May 17 2016,Conifer,7
PERI23,1,May 17 2016,Hardwood,5
PERI23,1,May 17 2016,Total,12
PERI23,1,May 18 2012,Conifer,5
PERI23,1,May 18 2012,Hardwood,6
PERI23,1,May 19 2021,Hardwood,6
PERI24,1,May 17 2016,Hardwood,9
PERI24,1,May 17 2016,Total,9
PERI24,1,May 18 2008,Hardwood,8
PERI24,1,May 19 2021,Hardwood,12
PERI24,1,May 23 2012,Hardwood,10
PERI25,1,May 17 2016,Hardwood,10
PERI25,1,May 17 2016,Total,10
PERI25,1,May 18 2008,Hardwood,8
PERI25,1,May 19 2021,Hardwood,13
PERI25,1,May 23 2012,Hardwood,11
PERI26,1,May 17 2008,Hardwood,11
PERI26,1,May 22 2012,Conifer,1
PERI26,1,May 22 2012,Hardwood,9
PERI26,1,May 22 2021,Hardwood,10
PERI26,1,May 25 2016,Hardwood,13
PERI26,1,May 25 2016,Total,13
PERI27,1,May 17 2008,Conifer,1
PERI27,1,May 17 2008,Hardwood,3
PERI27,1,May 18 2021,Conifer,1
PERI27,1,May 18 2021,Hardwood,6
PERI27,1,May 22 2012,Conifer,2
PERI27,1,May 22 2012,Hardwood,11
PERI27,1,May 24 2016,Conifer,2
PERI27,1,May 24 2016,Hardwood,4
PERI27,1,May 24 2016,Total,6
PERI28,1,May 17 2008,Hardwood,9
PERI28,1,May 22 2012,Hardwood,8
PERI28,1,May 24 2016,Hardwood,3
PERI28,1,May 24 2016,Total,3
PERI28,1,May 24 2021,Hardwood,9
PERI29,1,May 14 2012,Hardwood,9
PERI29,1,May 17 2008,Hardwood,8
PERI29,1,May 20 2021,Hardwood,7
PERI29,1,May 24 2016,Hardwood,5
PERI29,1,May 24 2016,Total,5
PERI3,1,May 14 2008,Hardwood,13
PERI3,1,May 17 2016,Hardwood,10
PERI3,1,May 17 2016,Total,10
PERI3,1,May 17 2021,Hardwood,11
PERI3,1,May 23 2012,Hardwood,13
PERI30,1,May 21 2016,Total,0
PERI31,1,May 14 2008,Hardwood,1
PERI31,1,May 18 2012,Hardwood,3
PERI31,1,May 20 2021,Hardwood,13
PERI32,1,May 14 2008,Hardwood,6
PERI32,1,May 17 2021,Hardwood,11
PERI32,1,May 18 2012,Hardwood,8
PERI32,1,May 21 2016,Hardwood,9
PERI32,1,May 21 2016,Total,9
PERI33,1,May 15 2008,Hardwood,13
PERI33,1,May 17 2016,Hardwood,13
PERI33,1,May 17 2016,Total,13
PERI33,1,May 18 2012,Hardwood,8
PERI33,1,May 19 2021,Hardwood,14
PERI34,1,May 17 2016,Conifer,8
PERI34,1,May 17 2016,Hardwood,12
PERI34,1,May 17 2016,Total,20
PERI34,1,May 18 2008,Conifer,3
PERI34,1,May 18 2008,Hardwood,7
PERI34,1,May 23 2012,Conifer,4
PERI34,1,May 23 2012,Hardwood,3
PERI34,1,May 24 2021,Hardwood,7
PERI35,1,May 16 2008,Hardwood,9
PERI35,1,May 17 2016,Conifer,1
PERI35,1,May 17 2016,Hardwood,9
PERI35,1,May 17 2016,Total,10
PERI35,1,May 20 2021,Hardwood,5
PERI35,1,May 22 2012,Hardwood,7
PERI36,1,May 17 2008,Hardwood,10
PERI36,1,May 18 2021,Hardwood,12
PERI36,1,May 22 2012,Hardwood,5
PERI36,1,May 24 2016,Hardwood,7
PERI36,1,May 24 2016,Total,7
PERI37,1,May 17 2008,Hardwood,6
PERI37,1,May 18 2021,Hardwood,7
PERI37,1,May 22 2012,Hardwood,3
PERI37,1,May 24 2016,Hardwood,2
PERI37,1,May 24 2016,Total,2
PERI38,1,May 17 2008,Hardwood,8
PERI38,1,May 17 2012,Hardwood,5
PERI38,1,May 24 2016,Hardwood,5
PERI38,1,May 24 2016,Total,5
PERI38,1,May 24 2021,Hardwood,5
PERI39,1,May 17 2008,Hardwood,8
PERI39,1,May 17 2012,Hardwood,7
PERI39,1,May 20 2021,Hardwood,7
PERI39,1,May 24 2016,Hardwood,10
PERI39,1,May 24 2016,Total,10
PERI4,1,May 17 2016,Hardwood,8
PERI4,1,May 17 2016,Total,8
PERI4,1,May 17 2021,Hardwood,4
PERI4,1,May 18 2008,Hardwood,7
PERI4,1,May 23 2012,Hardwood,9
PERI40,1,May 23 2016,Total,0
PERI41,1,May 14 2008,Conifer,2
PERI41,1,May 18 2012,Conifer,2
PERI41,1,May 20 2021,Hardwood,5
PERI41,1,May 21 2016,Conifer,1
PERI41,1,May 21 2016,Hardwood,3
PERI41,1,May 21 2016,Total,4
PERI42,1,May 15 2008,Conifer,2
PERI42,1,May 15 2008,Hardwood,1
PERI42,1,May 17 2021,Conifer,4
PERI42,1,May 17 2021,Hardwood,2
PERI42,1,May 21 2016,Conifer,4
PERI42,1,May 21 2016,Hardwood,1
PERI42,1,May 21 2016,Total,5
PERI43,1,May 15 2008,Conifer,6
PERI43,1,May 15 2012,Conifer,4
PERI43,1,May 17 2016,Conifer,8
PERI43,1,May 17 2016,Total,8
PERI44,1,May 16 2008,Conifer,2
PERI44,1,May 16 2008,Hardwood,3
PERI44,1,May 17 2016,Conifer,1
PERI44,1,May 17 2016,Hardwood,9
PERI44,1,May 17 2016,Total,10
PERI44,1,May 22 2012,Conifer,1
PERI44,1,May 22 2012,Hardwood,2
PERI44,1,May 22 2021,Hardwood,9
PERI45,1,May 16 2008,Conifer,4
PERI45,1,May 16 2008,Hardwood,9
PERI45,1,May 18 2021,Conifer,3
PERI45,1,May 18 2021,Hardwood,13
PERI45,1,May 22 2012,Conifer,2
PERI45,1,May 22 2012,Hardwood,8
PERI45,1,May 24 2016,Conifer,2
PERI45,1,May 24 2016,Hardwood,6
PERI45,1,May 24 2016,Total,8
PERI46,1,May 17 2008,Hardwood,7
PERI46,1,May 18 2021,Hardwood,5
PERI46,1,May 22 2012,Hardwood,7
PERI46,1,May 24 2016,Hardwood,2
PERI46,1,May 24 2016,Total,2
PERI47,1,May 17 2008,Hardwood,10
PERI47,1,May 17 2012,Hardwood,9
PERI47,1,May 24 2016,Hardwood,5
PERI47,1,May 24 2016,Total,5
PERI47,1,May 24 2021,Hardwood,6
PERI48,1,May 17 2008,Hardwood,13
PERI48,1,May 17 2012,Hardwood,18
PERI48,1,May 24 2016,Hardwood,9
PERI48,1,May 24 2016,Total,9
PERI48,1,May 24 2021,Hardwood,11
PERI49,1,May 23 2016,Total,0
PERI5,1,May 14 2008,Conifer,13
PERI5,1,May 18 2021,Hardwood,5
PERI5,1,May 21 2012,Conifer,8
PERI5,1,May 21 2016,Hardwood,7
PERI5,1,May 21 2016,Total,7
PERI50,1,May 23 2016,Total,0
PERI51,1,May 15 2008,Conifer,3
PERI51,1,May 15 2008,Hardwood,4
PERI51,1,May 16 2016,Conifer,5
PERI51,1,May 16 2016,Hardwood,9
PERI51,1,May 16 2016,Total,14
PERI51,1,May 18 2012,Conifer,6
PERI51,1,May 18 2012,Hardwood,7
PERI51,1,May 21 2016,Conifer,6
PERI51,1,May 21 2016,Hardwood,10
PERI51,1,May 21 2016,Total,16
PERI51,1,May 22 2021,Hardwood,15
PERI52,1,May 15 2008,Hardwood,3
PERI52,1,May 15 2012,Hardwood,6
PERI52,1,May 16 2016,Hardwood,10
PERI52,1,May 16 2016,Total,10
PERI52,1,May 22 2021,Hardwood,11
PERI53,1,May 15 2012,Conifer,9
PERI53,1,May 16 2008,Conifer,13
PERI53,1,May 17 2016,Conifer,6
PERI53,1,May 17 2016,Total,6
PERI53,1,May 22 2021,Hardwood,3
PERI54,1,May 23 2016,Total,0
PERI55,1,May 16 2008,Conifer,2
PERI55,1,May 16 2008,Hardwood,6
PERI55,1,May 18 2021,Conifer,4
PERI55,1,May 18 2021,Hardwood,7
PERI55,1,May 23 2012,Conifer,3
PERI55,1,May 23 2012,Hardwood,6
PERI55,1,May 24 2016,Conifer,1
PERI55,1,May 24 2016,Hardwood,7
PERI55,1,May 24 2016,Total,8
PERI56,1,May 12 2008,Conifer,1
PERI56,1,May 12 2008,Hardwood,7
PERI56,1,May 17 2012,Hardwood,10
PERI56,1,May 19 2021,Hardwood,10
PERI56,1,May 24 2016,Conifer,1
PERI56,1,May 24 2016,Hardwood,5
PERI56,1,May 24 2016,Total,6
PERI57,1,May 17 2012,Hardwood,10
PERI57,1,May 18 2008,Hardwood,13
PERI57,1,May 24 2016,Hardwood,9
PERI57,1,May 24 2016,Total,9
PERI57,1,May 24 2021,Hardwood,10
PERI58,1,May 17 2008,Hardwood,6
PERI58,1,May 17 2012,Hardwood,12
PERI58,1,May 20 2021,Hardwood,9
PERI58,1,May 24 2016,Hardwood,6
PERI58,1,May 24 2016,Total,6
PERI59,1,May 13 2008,Hardwood,1
PERI59,1,May 19 2021,Hardwood,1
PERI59,1,May 23 2016,Total,0
PERI6,1,May 14 2008,Hardwood,7
PERI6,1,May 17 2021,Hardwood,10
PERI6,1,May 18 2012,Hardwood,10
PERI6,1,May 21 2016,Hardwood,6
PERI6,1,May 21 2016,Total,6
PERI60,1,May 15 2008,Conifer,1
PERI60,1,May 15 2008,Hardwood,11
PERI60,1,May 16 2012,Conifer,4
PERI60,1,May 16 2012,Hardwood,14
PERI60,1,May 16 2016,Hardwood,10
PERI60,1,May 16 2016,Total,10
PERI60,1,May 20 2021,Hardwood,15
PERI61,1,May 15 2008,Hardwood,7
PERI61,1,May 15 2012,Hardwood,11
PERI61,1,May 16 2016,Hardwood,8
PERI61,1,May 16 2016,Total,8
PERI61,1,May 22 2021,Hardwood,11
PERI62,1,May 15 2012,Hardwood,4
PERI62,1,May 16 2008,Hardwood,7
PERI62,1,May 22 2021,Hardwood,11
PERI62,1,May 25 2016,Hardwood,5
PERI62,1,May 25 2016,Total,5
PERI63,1,May 23 2016,Total,0
PERI64,1,May 23 2016,Total,0
PERI65,1,May 17 2012,Conifer,1
PERI65,1,May 17 2012,Hardwood,1
PERI65,1,May 19 2021,Conifer,2
PERI65,1,May 19 2021,Hardwood,4
PERI65,1,May 24 2016,Conifer,2
PERI65,1,May 24 2016,Hardwood,2
PERI65,1,May 24 2016,Total,4
PERI66,1,May 12 2008,Hardwood,1
PERI66,1,May 19 2021,Hardwood,2
PERI66,1,May 24 2016,Conifer,1
PERI66,1,May 24 2016,Hardwood,2
PERI66,1,May 24 2016,Total,3
PERI67,1,May 17 2012,Conifer,1
PERI67,1,May 17 2012,Hardwood,7
PERI67,1,May 18 2008,Hardwood,8
PERI67,1,May 24 2016,Hardwood,5
PERI67,1,May 24 2016,Total,5
PERI67,1,May 24 2021,Hardwood,5
PERI68,1,May 13 2008,Conifer,8
PERI68,1,May 16 2012,Conifer,4
PERI68,1,May 16 2012,Hardwood,2
PERI68,1,May 24 2016,Hardwood,4
PERI68,1,May 24 2016,Total,4
PERI69,1,May 23 2016,Total,0
PERI7,1,May 14 2008,Hardwood,9
PERI7,1,May 17 2016,Hardwood,14
PERI7,1,May 17 2016,Total,14
PERI7,1,May 17 2021,Hardwood,16
PERI7,1,May 18 2012,Hardwood,8
PERI70,1,May 15 2008,Hardwood,8
PERI70,1,May 15 2012,Hardwood,10
PERI70,1,May 16 2016,Hardwood,19
PERI70,1,May 16 2016,Total,19
PERI70,1,May 22 2021,Hardwood,12
PERI71,1,May 15 2012,Conifer,4
PERI71,1,May 15 2012,Hardwood,1
PERI71,1,May 16 2008,Conifer,4
PERI71,1,May 16 2008,Hardwood,3
PERI71,1,May 22 2021,Hardwood,9
PERI71,1,May 25 2016,Conifer,3
PERI71,1,May 25 2016,Hardwood,1
PERI71,1,May 25 2016,Total,4
PERI72,1,May 15 2012,Conifer,5
PERI72,1,May 15 2012,Hardwood,2
PERI72,1,May 16 2008,Conifer,5
PERI72,1,May 16 2008,Hardwood,1
PERI72,1,May 18 2021,Hardwood,2
PERI72,1,May 23 2016,Conifer,6
PERI72,1,May 23 2016,Hardwood,2
PERI72,1,May 23 2016,Total,8
PERI73,1,May 23 2016,Total,0
PERI74,1,May 12 2008,Hardwood,3
PERI74,1,May 14 2012,Hardwood,1
PERI74,1,May 19 2021,Hardwood,2
PERI74,1,May 23 2016,Hardwood,2
PERI74,1,May 23 2016,Total,2
PERI75,1,May 12 2008,Hardwood,4
PERI75,1,May 14 2012,Conifer,1
PERI75,1,May 14 2012,Hardwood,5
PERI75,1,May 24 2016,Conifer,1
PERI75,1,May 24 2016,Hardwood,10
PERI75,1,May 24 2016,Total,11
PERI75,1,May 24 2021,Hardwood,6
PERI76,1,May 12 2008,Hardwood,1
PERI76,1,May 17 2012,Hardwood,2
PERI76,1,May 24 2016,Hardwood,1
PERI76,1,May 24 2016,Total,1
PERI76,1,May 24 2021,Hardwood,4
PERI77,1,May 17 2012,Hardwood,10
PERI77,1,May 18 2008,Hardwood,9
PERI77,1,May 20 2021,Hardwood,6
PERI77,1,May 24 2016,Hardwood,5
PERI77,1,May 24 2016,Total,5
PERI78,1,May 19 2021,Hardwood,1
PERI78,1,May 24 2016,Total,0
PERI79,1,May 24 2016,Total,0
PERI8,1,May 14 2008,Hardwood,10
PERI8,1,May 17 2016,Hardwood,11
PERI8,1,May 17 2016,Total,11
PERI8,1,May 17 2021,Hardwood,12
PERI8,1,May 23 2012,Hardwood,11
PERI80,1,May 13 2008,Conifer,1
PERI80,1,May 13 2008,Hardwood,1
PERI80,1,May 15 2012,Conifer,1
PERI80,1,May 15 2012,Hardwood,4
PERI80,1,May 20 2021,Hardwood,8
PERI80,1,May 23 2016,Hardwood,7
PERI80,1,May 23 2016,Total,7
PERI81,1,May 15 2012,Hardwood,14
PERI81,1,May 16 2008,Hardwood,13
PERI81,1,May 22 2021,Hardwood,17
PERI81,1,May 25 2016,Hardwood,9
PERI81,1,May 25 2016,Total,9
PERI82,1,May 23 2016,Total,0
PERI83,1,May 23 2016,Total,0
PERI84,1,May 12 2008,Hardwood,3
PERI84,1,May 14 2012,Hardwood,4
PERI84,1,May 22 2021,Conifer,1
PERI84,1,May 22 2021,Hardwood,3
PERI84,1,May 23 2016,Hardwood,5
PERI84,1,May 23 2016,Total,5
PERI85,1,May 23 2016,Total,0
PERI86,1,May 13 2008,Hardwood,1
PERI86,1,May 16 2012,Hardwood,4
PERI86,1,May 19 2021,Hardwood,1
PERI86,1,May 23 2016,Hardwood,2
PERI86,1,May 23 2016,Total,2
PERI87,1,May 13 2008,Hardwood,5
PERI87,1,May 16 2012,Hardwood,5
PERI87,1,May 20 2021,Hardwood,7
PERI87,1,May 23 2016,Hardwood,5
PERI87,1,May 23 2016,Total,5
PERI88,1,May 13 2008,Conifer,1
PERI88,1,May 13 2008,Hardwood,6
PERI88,1,May 15 2012,Conifer,5
PERI88,1,May 15 2012,Hardwood,6
PERI88,1,May 22 2021,Hardwood,6
PERI88,1,May 25 2016,Conifer,2
PERI88,1,May 25 2016,Hardwood,8
PERI88,1,May 25 2016,Total,10
PERI89,1,May 15 2012,Hardwood,1
PERI89,1,May 16 2008,Hardwood,1
PERI89,1,May 18 2021,Hardwood,3
PERI89,1,May 23 2016,Hardwood,1
PERI89,1,May 23 2016,Total,1
PERI9,1,May 17 2016,Hardwood,9
PERI9,1,May 17 2016,Total,9
PERI9,1,May 17 2021,Hardwood,15
PERI9,1,May 18 2008,Hardwood,11
PERI9,1,May 23 2012,Hardwood,11
PERI90,1,May 23 2016,Total,0
PERI91,1,May 12 2008,Hardwood,1
PERI91,1,May 14 2012,Hardwood,1
PERI91,1,May 23 2016,Hardwood,1
PERI91,1,May 23 2016,Total,1
PERI92,1,May 13 2008,Hardwood,2
PERI92,1,May 16 2012,Hardwood,4
PERI92,1,May 19 2021,Hardwood,4
PERI92,1,May 23 2016,Hardwood,5
PERI92,1,May 23 2016,Total,5
PERI93,1,May 13 2008,Hardwood,7
PERI93,1,May 16 2012,Hardwood,10
PERI93,1,May 20 2021,Hardwood,14
PERI93,1,May 23 2016,Hardwood,9
PERI93,1,May 23 2016,Total,9
PERI94,1,May 13 2008,Hardwood,9
PERI94,1,May 15 2012,Hardwood,10
PERI94,1,May 18 2021,Hardwood,13
PERI94,1,May 23 2016,Hardwood,11
PERI94,1,May 23 2016,Total,11
PERI95,1,May 13 2008,Hardwood,4
PERI95,1,May 14 2012,Hardwood,4
PERI95,1,May 16 2016,Hardwood,8
PERI95,1,May 16 2016,Total,8
PERI95,1,May 18 2021,Hardwood,8
PERI96,1,May 13 2008,Conifer,2
PERI96,1,May 13 2008,Hardwood,3
PERI96,1,May 16 2012,Conifer,1
PERI96,1,May 16 2012,Hardwood,5
PERI96,1,May 18 2021,Hardwood,9
PERI96,1,May 23 2016,Conifer,1
PERI96,1,May 23 2016,Hardwood,4
PERI96,1,May 23 2016,Total,5
PERI97,1,May 13 2008,Hardwood,10
PERI97,1,May 16 2012,Hardwood,13
PERI97,1,May 18 2021,Hardwood,12
PERI97,1,May 23 2016,Hardwood,13
PERI97,1,May 23 2016,Total,13
PERI98,1,May 16 2008,Hardwood,9
PERI98,1,May 21 2012,Hardwood,8
PERI98,1,May 22 2021,Hardwood,7
PERI98,1,May 25 2016,Hardwood,2
PERI98,1,May 25 2016,Total,2
PERI99,1,May 16 2008,Hardwood,8
PERI99,1,May 21 2012,Hardwood,8
PERI99,1,May 22 2021,Hardwood,8
PERI99,1,May 25 2016,Hardwood,2
PERI99,1,May 25 2016,Total,2
PIPE1,0,May 26 2017,Total,0
PIPE10,0,May 26 2017,Total,0
PIPE11,0,May 26 2017,Total,0
PIPE12,0,May 26 2017,Total,0
PIPE13,0,May 26 2017,Total,0
PIPE14,0,May 26 2017,Total,0
PIPE15,0,May 26 2017,Total,0
PIPE16,0,May 26 2017,Total,0
PIPE17,0,May 26 2017,Total,0
PIPE18,0,May 26 2017,Total,0
PIPE19,0,May 26 2017,Total,0
PIPE19,1,May 23 2022,Hardwood,1
PIPE2,0,May 26 2017,Total,0
PIPE20,0,May 26 2017,Total,0
PIPE21,0,May 26 2017,Hardwood,1
PIPE21,0,May 26 2017,Total,1
PIPE21,1,May 15 2009,Hardwood,1
PIPE21,1,May 24 2022,Hardwood,1
PIPE22,0,May 26 2017,Total,0
PIPE23,0,May 26 2017,Total,0
PIPE24,0,May 26 2017,Total,0
PIPE25,0,May 26 2017,Total,0
PIPE25,1,May 14 2009,Hardwood,1
PIPE26,0,May 26 2017,Total,0
PIPE27,0,May 26 2017,Hardwood,5
PIPE27,0,May 26 2017,Total,5
PIPE27,1,May 15 2009,Hardwood,5
PIPE27,1,May 15 2013,Hardwood,3
PIPE27,1,May 24 2022,Hardwood,4
PIPE28,0,May 26 2017,Hardwood,10
PIPE28,0,May 26 2017,Total,10
PIPE28,1,May 16 2009,Hardwood,11
PIPE28,1,May 24 2022,Hardwood,12
PIPE29,0,May 26 2017,Hardwood,2
PIPE29,0,May 26 2017,Total,2
PIPE29,1,May 23 2022,Hardwood,1
PIPE3,0,May 26 2017,Total,0
PIPE30,0,May 26 2017,Total,0
PIPE31,0,May 26 2017,Total,0
PIPE32,0,May 26 2017,Total,1
PIPE33,0,May 26 2017,Total,0
PIPE33,1,May 14 2009,Hardwood,1
PIPE34,0,May 26 2017,Hardwood,1
PIPE34,0,May 26 2017,Total,1
PIPE34,1,May 23 2022,Hardwood,1
PIPE35,0,May 26 2017,Total,0
PIPE36,0,May 26 2017,Total,0
PIPE37,0,May 26 2017,Total,0
PIPE38,0,May 26 2017,Total,0
PIPE39,0,May 26 2017,Hardwood,2
PIPE39,0,May 26 2017,Total,2
PIPE39,1,May 14 2009,Hardwood,2
PIPE39,1,May 24 2022,Hardwood,1
PIPE4,0,May 26 2017,Hardwood,5
PIPE4,0,May 26 2017,Total,5
PIPE4,1,May 15 2009,Hardwood,2
PIPE4,1,May 23 2022,Hardwood,2
PIPE40,0,May 26 2017,Hardwood,2
PIPE40,0,May 26 2017,Total,2
PIPE40,1,May 15 2013,Hardwood,3
PIPE40,1,May 24 2022,Hardwood,4
PIPE41,0,May 26 2017,Total,0
PIPE42,0,May 26 2017,Total,0
PIPE43,1,May 26 2017,Total,0
PIPE44,1,May 26 2017,Total,0
PIPE45,1,May 26 2017,Total,0
PIPE46,1,May 26 2017,Total,0
PIPE47,1,May 26 2017,Total,0
PIPE48,1,May 26 2017,Total,0
PIPE49,1,May 26 2017,Total,0
PIPE5,0,May 26 2017,Total,0
PIPE50,1,May 26 2017,Total,0
PIPE51,1,May 26 2017,Total,0
PIPE52,1,May 26 2017,Total,0
PIPE53,1,May 26 2017,Total,0
PIPE54,1,May 26 2017,Total,0
PIPE55,1,May 26 2017,Total,0
PIPE56,1,May 26 2017,Total,0
PIPE57,1,May 26 2017,Total,0
PIPE58,1,May 14 2009,Hardwood,7
PIPE58,1,May 15 2013,Hardwood,2
PIPE58,1,May 23 2022,Hardwood,7
PIPE58,1,May 26 2017,Hardwood,4
PIPE58,1,May 26 2017,Total,4
PIPE59,1,May 26 2017,Total,0
PIPE6,0,May 26 2017,Total,0
PIPE60,1,May 26 2017,Total,0
PIPE61,1,May 26 2017,Total,0
PIPE62,1,May 26 2017,Total,0
PIPE63,1,May 26 2017,Total,0
PIPE64,1,May 26 2017,Total,0
PIPE65,1,May 26 2017,Total,0
PIPE66,1,May 26 2017,Total,0
PIPE67,1,May 26 2017,Total,0
PIPE68,1,May 26 2017,Total,0
PIPE7,0,May 26 2017,Total,0
PIPE8,0,May 26 2017,Total,0
PIPE9,0,May 26 2017,Hardwood,13
PIPE9,0,May 26 2017,Total,13
PIPE9,1,May 15 2009,Hardwood,11
PIPE9,1,May 23 2022,Hardwood,20
TAPR114,1,May 15 2010,Hardwood,1
TAPR114,1,May 21 2002,Hardwood,2
TAPR114,1,May 21 2005,Hardwood,1
TAPR114,1,May 23 2018,Hardwood,2
TAPR128,3,May 16 2006,Hardwood,1
TAPR130,1,May 22 2018,Hardwood,1
TAPR130,3,Jun 14 2002,Hardwood,1
TAPR139,2,Jun  8 2001,Hardwood,4
TAPR139,2,Jun 13 2002,Hardwood,4
TAPR139,2,May 23 2005,Hardwood,2
TAPR159,1,Jun  4 2008,Hardwood,7
TAPR159,1,May 19 2005,Hardwood,3
TAPR159,1,May 20 2006,Hardwood,7
TAPR159,1,May 20 2014,Hardwood,9
TAPR159,1,May 21 2007,Hardwood,5
TAPR159,1,May 22 2010,Hardwood,8
TAPR159,1,May 25 2001,Hardwood,4
TAPR159,1,May 25 2004,Hardwood,2
TAPR159,1,May 25 2018,Hardwood,10
TAPR159,1,May 30 2002,Hardwood,4
TAPR159,2,May 20 2006,Hardwood,1
TAPR159,2,May 25 2004,Hardwood,1
TAPR159,3,May 19 2005,Hardwood,13
TAPR159,3,May 20 2006,Hardwood,12
TAPR159,3,May 25 2001,Hardwood,10
TAPR159,3,May 25 2004,Hardwood,9
TAPR159,3,May 30 2002,Hardwood,15
TAPR159,4,May 19 2005,Hardwood,7
TAPR159,4,May 20 2006,Hardwood,8
TAPR159,4,May 25 2001,Hardwood,6
TAPR159,4,May 25 2004,Hardwood,2
TAPR159,4,May 30 2002,Hardwood,7
TAPR160,1,Jun  4 2008,Hardwood,4
TAPR160,1,May 19 2005,Hardwood,6
TAPR160,1,May 19 2014,Hardwood,4
TAPR160,1,May 20 2006,Hardwood,6
TAPR160,1,May 21 2007,Hardwood,2
TAPR160,1,May 22 2010,Hardwood,7
TAPR160,1,May 24 2001,Hardwood,5
TAPR160,1,May 25 2004,Hardwood,1
TAPR160,1,May 25 2018,Hardwood,10
TAPR160,1,May 30 2002,Hardwood,5
TAPR160,2,May 19 2005,Hardwood,4
TAPR160,2,May 20 2006,Hardwood,4
TAPR160,2,May 24 2001,Hardwood,3
TAPR160,2,May 30 2002,Hardwood,2
TAPR160,3,May 19 2005,Hardwood,7
TAPR160,3,May 20 2006,Hardwood,4
TAPR160,3,May 24 2001,Hardwood,5
TAPR160,3,May 25 2004,Hardwood,5
TAPR160,3,May 30 2002,Hardwood,3
TAPR160,4,May 19 2005,Hardwood,3
TAPR160,4,May 20 2006,Hardwood,5
TAPR160,4,May 24 2001,Hardwood,3
TAPR160,4,May 25 2004,Hardwood,8
TAPR161,1,Jun  4 2008,Hardwood,1
TAPR161,1,May 19 2005,Hardwood,1
TAPR161,1,May 20 2006,Hardwood,1
TAPR161,1,May 20 2014,Hardwood,2
TAPR161,1,May 21 2007,Hardwood,1
TAPR161,1,May 22 2010,Hardwood,2
TAPR161,1,May 24 2001,Hardwood,1
TAPR161,1,May 25 2004,Hardwood,1
TAPR161,1,May 25 2018,Hardwood,2
TAPR161,4,May 19 2005,Hardwood,4
TAPR161,4,May 20 2006,Hardwood,4
TAPR161,4,May 24 2001,Hardwood,6
TAPR161,4,May 25 2004,Hardwood,4
TAPR161,4,May 29 2002,Hardwood,5
TAPR162,1,Jun  4 2008,Hardwood,4
TAPR162,1,May 19 2005,Hardwood,5
TAPR162,1,May 20 2014,Hardwood,5
TAPR162,1,May 21 2007,Hardwood,2
TAPR162,1,May 22 2006,Hardwood,5
TAPR162,1,May 22 2010,Hardwood,3
TAPR162,1,May 24 2001,Hardwood,3
TAPR162,1,May 25 2004,Hardwood,2
TAPR162,1,May 25 2018,Hardwood,12
TAPR162,1,May 30 2002,Hardwood,5
TAPR162,2,May 19 2005,Hardwood,1
TAPR162,2,May 24 2001,Hardwood,1
TAPR162,2,May 30 2002,Hardwood,2
TAPR162,3,May 19 2005,Hardwood,12
TAPR162,3,May 22 2006,Hardwood,5
TAPR162,3,May 25 2004,Hardwood,9
TAPR162,4,May 19 2005,Hardwood,4
TAPR162,4,May 22 2006,Hardwood,5
TAPR162,4,May 24 2001,Hardwood,7
TAPR162,4,May 25 2004,Hardwood,4
TAPR162,4,May 30 2002,Hardwood,7
TAPR163,1,Jun  3 2002,Hardwood,4
TAPR163,1,Jun  4 2008,Hardwood,3
TAPR163,1,May 19 2005,Hardwood,2
TAPR163,1,May 20 2014,Hardwood,2
TAPR163,1,May 21 2007,Hardwood,3
TAPR163,1,May 22 2006,Hardwood,2
TAPR163,1,May 22 2010,Hardwood,2
TAPR163,1,May 24 2001,Hardwood,3
TAPR163,1,May 25 2004,Hardwood,2
TAPR163,1,May 25 2018,Hardwood,6
TAPR163,2,Jun  3 2002,Hardwood,7
TAPR163,2,May 19 2005,Hardwood,9
TAPR163,2,May 22 2006,Hardwood,11
TAPR163,2,May 24 2001,Hardwood,7
TAPR163,2,May 25 2004,Hardwood,6
TAPR163,4,Jun  3 2002,Hardwood,9
TAPR163,4,May 19 2005,Hardwood,7
TAPR163,4,May 22 2006,Hardwood,5
TAPR163,4,May 24 2001,Hardwood,7
TAPR164,1,Jun  1 2002,Hardwood,10
TAPR164,1,Jun  5 2008,Hardwood,10
TAPR164,1,Jun  7 2001,Hardwood,10
TAPR164,1,May 17 2005,Hardwood,9
TAPR164,1,May 17 2007,Hardwood,9
TAPR164,1,May 17 2014,Hardwood,5
TAPR164,1,May 18 2006,Hardwood,12
TAPR164,1,May 22 2018,Hardwood,10
TAPR164,1,May 23 2010,Hardwood,13
TAPR164,2,Jun  1 2002,Hardwood,5
TAPR164,2,Jun  7 2001,Hardwood,5
TAPR164,2,May 17 2005,Hardwood,3
TAPR164,2,May 18 2006,Hardwood,3
TAPR165,1,Jun  1 2002,Hardwood,9
TAPR165,1,Jun  5 2008,Hardwood,13
TAPR165,1,Jun  7 2001,Hardwood,6
TAPR165,1,May 17 2007,Hardwood,11
TAPR165,1,May 17 2014,Hardwood,8
TAPR165,1,May 18 2006,Hardwood,9
TAPR165,1,May 20 2005,Hardwood,14
TAPR165,1,May 22 2018,Hardwood,16
TAPR165,1,May 23 2010,Hardwood,15
TAPR166,1,Jun  1 2002,Hardwood,8
TAPR166,1,Jun  5 2008,Hardwood,8
TAPR166,1,Jun  7 2001,Hardwood,8
TAPR166,1,May 17 2007,Hardwood,8
TAPR166,1,May 17 2014,Hardwood,9
TAPR166,1,May 18 2006,Hardwood,8
TAPR166,1,May 20 2005,Hardwood,7
TAPR166,1,May 22 2018,Hardwood,8
TAPR166,1,May 23 2010,Hardwood,10
TAPR166,1,May 24 2004,Hardwood,4
TAPR166,2,Jun  1 2002,Hardwood,10
TAPR166,2,Jun  7 2001,Hardwood,9
TAPR166,2,May 18 2006,Hardwood,8
TAPR166,2,May 20 2005,Hardwood,10
TAPR166,2,May 24 2004,Hardwood,10
TAPR167,1,Jun  1 2002,Hardwood,14
TAPR167,1,Jun  5 2008,Hardwood,14
TAPR167,1,Jun  7 2001,Hardwood,12
TAPR167,1,May 17 2007,Hardwood,13
TAPR167,1,May 17 2014,Hardwood,10
TAPR167,1,May 18 2006,Hardwood,12
TAPR167,1,May 20 2005,Hardwood,14
TAPR167,1,May 22 2018,Hardwood,14
TAPR167,1,May 24 2004,Hardwood,10
TAPR167,1,May 24 2010,Hardwood,13
TAPR168,1,Jun  1 2002,Hardwood,8
TAPR168,1,Jun  5 2008,Hardwood,11
TAPR168,1,Jun  7 2001,Hardwood,10
TAPR168,1,May 17 2014,Hardwood,11
TAPR168,1,May 18 2006,Hardwood,14
TAPR168,1,May 20 2005,Hardwood,10
TAPR168,1,May 22 2007,Hardwood,12
TAPR168,1,May 22 2018,Hardwood,13
TAPR168,1,May 24 2004,Hardwood,9
TAPR168,1,May 24 2010,Hardwood,13
TAPR168,4,Jun  1 2002,Hardwood,12
TAPR168,4,Jun  7 2001,Hardwood,11
TAPR168,4,May 18 2006,Hardwood,5
TAPR168,4,May 20 2005,Hardwood,18
TAPR168,4,May 24 2004,Hardwood,7
TAPR169,1,Jun  1 2002,Hardwood,7
TAPR169,1,Jun  5 2008,Hardwood,8
TAPR169,1,Jun  7 2001,Hardwood,10
TAPR169,1,May 17 2014,Hardwood,9
TAPR169,1,May 18 2006,Hardwood,9
TAPR169,1,May 20 2005,Hardwood,12
TAPR169,1,May 22 2007,Hardwood,12
TAPR169,1,May 22 2018,Hardwood,19
TAPR169,1,May 24 2010,Hardwood,11
TAPR169,1,May 26 2004,Hardwood,11
TAPR169,4,Jun  1 2002,Hardwood,4
TAPR169,4,Jun  7 2001,Hardwood,12
TAPR169,4,May 18 2006,Hardwood,11
TAPR169,4,May 20 2005,Hardwood,18
TAPR169,4,May 26 2004,Hardwood,13
TAPR170,1,Jun  1 2002,Hardwood,8
TAPR170,1,Jun  5 2008,Hardwood,10
TAPR170,1,Jun  7 2001,Hardwood,17
TAPR170,1,May 17 2014,Hardwood,10
TAPR170,1,May 18 2006,Hardwood,10
TAPR170,1,May 20 2005,Hardwood,13
TAPR170,1,May 22 2007,Hardwood,11
TAPR170,1,May 22 2018,Hardwood,11
TAPR170,1,May 24 2010,Hardwood,10
TAPR170,1,May 26 2004,Hardwood,11
TAPR170,3,May 20 2005,Hardwood,7
TAPR170,3,May 26 2004,Hardwood,1
TAPR170,4,Jun  1 2002,Hardwood,12
TAPR170,4,Jun  7 2001,Hardwood,12
TAPR170,4,May 18 2006,Hardwood,7
TAPR170,4,May 20 2005,Hardwood,13
TAPR170,4,May 26 2004,Hardwood,1
TAPR171,1,Jun  1 2002,Hardwood,11
TAPR171,1,Jun  5 2008,Hardwood,11
TAPR171,1,Jun  7 2001,Hardwood,12
TAPR171,1,May 17 2014,Hardwood,11
TAPR171,1,May 18 2006,Hardwood,15
TAPR171,1,May 20 2005,Hardwood,16
TAPR171,1,May 21 2018,Hardwood,12
TAPR171,1,May 22 2007,Hardwood,12
TAPR171,1,May 24 2010,Hardwood,17
TAPR171,1,May 27 2004,Hardwood,9
TAPR172,1,Jun  5 2008,Hardwood,10
TAPR172,1,Jun  7 2001,Hardwood,12
TAPR172,1,May 17 2014,Hardwood,8
TAPR172,1,May 18 2006,Hardwood,9
TAPR172,1,May 18 2007,Hardwood,12
TAPR172,1,May 20 2005,Hardwood,8
TAPR172,1,May 21 2018,Hardwood,16
TAPR172,1,May 24 2010,Hardwood,10
TAPR172,1,May 27 2004,Hardwood,11
TAPR172,1,May 31 2002,Hardwood,12
TAPR172,3,Jun  7 2001,Hardwood,5
TAPR172,3,May 18 2006,Hardwood,6
TAPR172,3,May 20 2005,Hardwood,11
TAPR172,3,May 31 2002,Hardwood,8
TAPR172,4,Jun  7 2001,Hardwood,3
TAPR172,4,May 18 2006,Hardwood,20
TAPR172,4,May 20 2005,Hardwood,8
TAPR172,4,May 31 2002,Hardwood,11
TAPR173,1,Jun  5 2008,Hardwood,13
TAPR173,1,Jun  9 2001,Hardwood,10
TAPR173,1,May 17 2014,Hardwood,8
TAPR173,1,May 18 2006,Hardwood,16
TAPR173,1,May 18 2007,Hardwood,12
TAPR173,1,May 20 2005,Hardwood,11
TAPR173,1,May 21 2018,Hardwood,12
TAPR173,1,May 24 2010,Hardwood,15
TAPR173,1,May 27 2004,Hardwood,7
TAPR173,1,May 31 2002,Hardwood,7
TAPR173,2,Jun  9 2001,Hardwood,14
TAPR173,2,May 18 2006,Hardwood,9
TAPR173,2,May 20 2005,Hardwood,18
TAPR173,2,May 27 2004,Hardwood,8
TAPR173,2,May 31 2002,Hardwood,7
TAPR173,4,Jun  9 2001,Hardwood,8
TAPR173,4,May 20 2005,Hardwood,5
TAPR174,1,Jun  5 2008,Hardwood,9
TAPR174,1,Jun  9 2001,Hardwood,9
TAPR174,1,May 13 2004,Hardwood,12
TAPR174,1,May 15 2010,Hardwood,9
TAPR174,1,May 17 2014,Hardwood,10
TAPR174,1,May 18 2007,Hardwood,9
TAPR174,1,May 20 2005,Hardwood,11
TAPR174,1,May 21 2018,Hardwood,11
TAPR174,1,May 22 2006,Hardwood,10
TAPR174,1,May 31 2002,Hardwood,4
TAPR174,2,Jun  9 2001,Hardwood,6
TAPR174,2,May 13 2004,Hardwood,5
TAPR174,2,May 20 2005,Hardwood,11
TAPR174,2,May 22 2006,Hardwood,9
TAPR174,2,May 31 2002,Hardwood,9
TAPR175,1,Jun  5 2008,Hardwood,2
TAPR175,1,Jun  8 2001,Hardwood,3
TAPR175,1,May 13 2004,Hardwood,3
TAPR175,1,May 15 2010,Hardwood,4
TAPR175,1,May 17 2014,Hardwood,7
TAPR175,1,May 18 2005,Hardwood,3
TAPR175,1,May 18 2007,Hardwood,3
TAPR175,1,May 22 2006,Hardwood,2
TAPR175,1,May 22 2018,Hardwood,6
TAPR175,1,May 31 2002,Hardwood,6
TAPR175,2,Jun  8 2001,Hardwood,9
TAPR175,2,May 13 2004,Hardwood,6
TAPR175,2,May 18 2005,Hardwood,7
TAPR175,2,May 22 2006,Hardwood,6
TAPR175,2,May 31 2002,Hardwood,5
TAPR175,4,Jun  8 2001,Hardwood,6
TAPR175,4,May 13 2004,Hardwood,6
TAPR175,4,May 18 2005,Hardwood,7
TAPR175,4,May 22 2006,Hardwood,5
TAPR175,4,May 31 2002,Hardwood,6
TAPR176,1,Jun  4 2008,Hardwood,9
TAPR176,1,May 19 2005,Hardwood,8
TAPR176,1,May 20 2006,Hardwood,11
TAPR176,1,May 20 2014,Hardwood,10
TAPR176,1,May 21 2007,Hardwood,6
TAPR176,1,May 22 2010,Hardwood,10
TAPR176,1,May 25 2001,Hardwood,6
TAPR176,1,May 25 2004,Hardwood,7
TAPR176,1,May 25 2018,Hardwood,14
TAPR176,1,May 30 2002,Hardwood,9
TAPR176,2,May 19 2005,Hardwood,8
TAPR176,2,May 20 2006,Hardwood,6
TAPR176,2,May 25 2001,Hardwood,4
TAPR176,2,May 25 2004,Hardwood,5
TAPR176,2,May 30 2002,Hardwood,6
TAPR176,4,May 30 2002,Hardwood,1
TAPR179,1,May 25 2018,Hardwood,2
TAPR179,3,May 30 2002,Hardwood,12
TAPR191,1,May 26 2018,Hardwood,1
TAPR2,1,Jun  4 2008,Hardwood,2
TAPR2,1,May 19 2014,Hardwood,1
TAPR2,1,May 21 2010,Hardwood,1
TAPR2,1,May 25 2001,Hardwood,3
TAPR2,1,May 25 2018,Hardwood,3
TAPR2,1,May 30 2002,Hardwood,2
TAPR2,2,May 25 2001,Hardwood,4
TAPR2,2,May 30 2002,Hardwood,10
TAPR217,1,May 15 2010,Hardwood,1
TAPR217,1,May 22 2018,Hardwood,1
TAPR226,4,May 28 2002,Hardwood,2
TAPR233,1,Jun 14 2002,Hardwood,1
TAPR233,1,May 17 2014,Hardwood,1
TAPR233,1,May 22 2018,Hardwood,2
TAPR233,1,May 23 2005,Hardwood,1
TAPR233,1,May 23 2010,Hardwood,1
TAPR233,2,May 23 2005,Hardwood,1
TAPR237,3,Jun 14 2002,Hardwood,2
TAPR248,1,May 17 2006,Hardwood,1
TAPR254,2,Jun 14 2002,Hardwood,10
TAPR260,1,Jun 12 2002,Hardwood,4
TAPR260,1,May 17 2006,Hardwood,5
TAPR260,2,Jun 12 2002,Hardwood,4
TAPR260,2,May 17 2006,Hardwood,4
TAPR88,1,May 21 2018,Hardwood,1
WICR1,1,Jun  8 2020,Conifer,0
WICR1,1,Jun  8 2020,Hardwood,0
WICR1,1,May 18 2016,Total,0
WICR10,1,Jun  1 2012,Conifer,3
WICR10,1,Jun  1 2012,Hardwood,8
WICR10,1,Jun  9 2020,Conifer,4
WICR10,1,Jun  9 2020,Hardwood,7
WICR10,1,May 19 2016,Conifer,3
WICR10,1,May 19 2016,Hardwood,7
WICR10,1,May 19 2016,Total,10
WICR10,1,May 22 2008,Conifer,2
WICR10,1,May 22 2008,Hardwood,4
WICR11,1,Jun 10 2020,Conifer,0
WICR11,1,Jun 10 2020,Hardwood,11
WICR11,1,May 20 2008,Hardwood,8
WICR11,1,May 20 2016,Hardwood,8
WICR11,1,May 20 2016,Total,8
WICR11,1,May 29 2012,Hardwood,8
WICR12,1,Jun  1 2012,Conifer,1
WICR12,1,Jun  1 2012,Hardwood,1
WICR12,1,Jun  9 2020,Conifer,1
WICR12,1,Jun  9 2020,Hardwood,1
WICR12,1,May 19 2016,Conifer,1
WICR12,1,May 19 2016,Hardwood,1
WICR12,1,May 19 2016,Total,2
WICR12,1,May 22 2008,Conifer,1
WICR12,1,May 22 2008,Hardwood,1
WICR14,1,Jun 10 2020,Conifer,0
WICR14,1,Jun 10 2020,Hardwood,2
WICR14,1,May 19 2016,Hardwood,1
WICR14,1,May 19 2016,Total,1
WICR15,1,Jun  1 2012,Hardwood,8
WICR15,1,Jun  9 2020,Conifer,2
WICR15,1,Jun  9 2020,Hardwood,6
WICR15,1,May 19 2016,Hardwood,12
WICR15,1,May 19 2016,Total,12
WICR15,1,May 22 2008,Hardwood,5
WICR16,1,Jun 10 2020,Conifer,0
WICR16,1,Jun 10 2020,Hardwood,6
WICR16,1,May 20 2008,Hardwood,3
WICR16,1,May 20 2016,Hardwood,6
WICR16,1,May 20 2016,Total,6
WICR16,1,May 30 2012,Hardwood,3
WICR17,1,Jun  9 2020,Conifer,0
WICR17,1,Jun  9 2020,Hardwood,0
WICR17,1,May 19 2016,Total,0
WICR18,1,Jun 10 2020,Conifer,0
WICR18,1,Jun 10 2020,Hardwood,0
WICR18,1,May 20 2016,Total,0
WICR19,1,Jun 10 2020,Conifer,0
WICR19,1,Jun 10 2020,Hardwood,7
WICR19,1,May 19 2016,Hardwood,14
WICR19,1,May 19 2016,Total,14
WICR19,1,May 21 2008,Hardwood,14
WICR19,1,May 31 2012,Hardwood,12
WICR2,1,Jun  8 2020,Conifer,0
WICR2,1,Jun  8 2020,Hardwood,11
WICR2,1,May 19 2016,Hardwood,5
WICR2,1,May 19 2016,Total,5
WICR2,1,May 20 2008,Hardwood,8
WICR2,1,May 31 2012,Hardwood,10
WICR20,1,Jun  9 2020,Conifer,0
WICR20,1,Jun  9 2020,Hardwood,0
WICR20,1,May 19 2016,Total,0
WICR21,1,Jun 10 2020,Conifer,0
WICR21,1,Jun 10 2020,Hardwood,6
WICR21,1,May 19 2016,Hardwood,4
WICR21,1,May 19 2016,Total,4
WICR21,1,May 21 2008,Hardwood,4
WICR21,1,May 29 2012,Hardwood,6
WICR22,1,Jun  9 2020,Conifer,0
WICR22,1,Jun  9 2020,Hardwood,0
WICR22,1,May 19 2016,Total,0
WICR23,1,Jun  8 2020,Conifer,0
WICR23,1,Jun  8 2020,Hardwood,0
WICR23,1,May 19 2016,Total,0
WICR24,1,Jun 11 2020,Conifer,0
WICR24,1,Jun 11 2020,Hardwood,7
WICR24,1,May 19 2016,Conifer,1
WICR24,1,May 19 2016,Hardwood,11
WICR24,1,May 19 2016,Total,12
WICR24,1,May 21 2008,Hardwood,8
WICR24,1,May 30 2012,Conifer,1
WICR24,1,May 30 2012,Hardwood,11
WICR25,1,Jun  9 2020,Conifer,0
WICR25,1,Jun  9 2020,Hardwood,8
WICR25,1,May 22 2008,Hardwood,5
WICR25,1,May 31 2012,Hardwood,10
WICR26,1,Jun 10 2020,Conifer,0
WICR26,1,Jun 10 2020,Hardwood,14
WICR26,1,May 19 2016,Hardwood,13
WICR26,1,May 19 2016,Total,13
WICR26,1,May 21 2008,Hardwood,7
WICR26,1,May 29 2012,Hardwood,8
WICR27,1,Jun 10 2020,Conifer,0
WICR27,1,Jun 10 2020,Hardwood,11
WICR27,1,May 19 2016,Conifer,1
WICR27,1,May 19 2016,Hardwood,12
WICR27,1,May 19 2016,Total,13
WICR27,1,May 22 2008,Conifer,1
WICR27,1,May 22 2008,Hardwood,7
WICR27,1,May 30 2012,Hardwood,21
WICR28,1,May 19 2016,Hardwood,2
WICR28,1,May 19 2016,Total,2
WICR28,1,May 21 2008,Hardwood,3
WICR28,1,May 29 2012,Hardwood,9
WICR29,1,Jun 11 2020,Conifer,0
WICR29,1,Jun 11 2020,Hardwood,9
WICR29,1,May 19 2016,Hardwood,7
WICR29,1,May 19 2016,Total,7
WICR29,1,May 21 2008,Hardwood,4
WICR3,1,Jun  8 2020,Conifer,4
WICR3,1,Jun  8 2020,Hardwood,3
WICR3,1,May 19 2016,Conifer,3
WICR3,1,May 19 2016,Hardwood,6
WICR3,1,May 19 2016,Total,9
WICR3,1,May 20 2008,Conifer,2
WICR3,1,May 20 2008,Hardwood,1
WICR3,1,May 29 2012,Conifer,1
WICR3,1,May 29 2012,Hardwood,6
WICR30,1,Jun 10 2020,Conifer,0
WICR30,1,Jun 10 2020,Hardwood,0
WICR30,1,May 19 2016,Total,0
WICR31,1,Jun 10 2020,Conifer,0
WICR31,1,Jun 10 2020,Hardwood,9
WICR31,1,May 19 2016,Hardwood,11
WICR31,1,May 19 2016,Total,11
WICR32,1,Jun 10 2020,Conifer,0
WICR32,1,Jun 10 2020,Hardwood,0
WICR32,1,May 19 2016,Total,0
WICR33,1,Jun 11 2020,Conifer,2
WICR33,1,Jun 11 2020,Hardwood,10
WICR33,1,May 19 2016,Conifer,1
WICR33,1,May 19 2016,Hardwood,9
WICR33,1,May 19 2016,Total,10
WICR33,1,May 21 2008,Conifer,2
WICR33,1,May 21 2008,Hardwood,10
WICR33,1,May 30 2012,Conifer,2
WICR33,1,May 30 2012,Hardwood,8
WICR34,1,Jun 10 2020,Conifer,0
WICR34,1,Jun 10 2020,Hardwood,0
WICR34,1,May 19 2016,Total,0
WICR35,1,Jun 10 2020,Conifer,0
WICR35,1,Jun 10 2020,Hardwood,0
WICR35,1,May 19 2016,Total,0
WICR36,1,Jun 11 2020,Conifer,0
WICR36,1,Jun 11 2020,Hardwood,0
WICR36,1,May 19 2016,Total,0
WICR37,1,Jun 11 2020,Conifer,0
WICR37,1,Jun 11 2020,Hardwood,9
WICR37,1,May 19 2016,Hardwood,12
WICR37,1,May 19 2016,Total,12
WICR37,1,May 21 2008,Hardwood,8
WICR37,1,May 31 2012,Hardwood,8
WICR38,1,Jun  1 2012,Hardwood,1
WICR38,1,May 20 2016,Total,0
WICR4,1,Jun  9 2020,Conifer,0
WICR4,1,Jun  9 2020,Hardwood,3
WICR4,1,May 19 2016,Hardwood,3
WICR4,1,May 19 2016,Total,3
WICR4,1,May 20 2008,Hardwood,2
WICR4,1,May 29 2012,Hardwood,4
WICR5,1,Jun  8 2020,Conifer,1
WICR5,1,Jun  8 2020,Hardwood,7
WICR5,1,May 20 2008,Conifer,3
WICR5,1,May 20 2008,Hardwood,5
WICR5,1,May 20 2016,Conifer,1
WICR5,1,May 20 2016,Hardwood,6
WICR5,1,May 20 2016,Total,7
WICR5,1,May 31 2012,Conifer,1
WICR5,1,May 31 2012,Hardwood,11
WICR6,1,Jun  1 2012,Hardwood,7
WICR6,1,Jun  8 2020,Conifer,0
WICR6,1,Jun  8 2020,Hardwood,5
WICR6,1,May 20 2008,Hardwood,4
WICR6,1,May 20 2016,Hardwood,8
WICR6,1,May 20 2016,Total,8
WICR7,1,Jun 10 2020,Conifer,0
WICR7,1,Jun 10 2020,Hardwood,5
WICR7,1,May 20 2008,Hardwood,6
WICR7,1,May 20 2016,Hardwood,8
WICR7,1,May 20 2016,Total,8
WICR7,1,May 29 2012,Hardwood,7
WICR8,1,Jun 10 2020,Conifer,0
WICR8,1,Jun 10 2020,Hardwood,0
WICR8,1,May 19 2016,Total,0
WICR9,1,Jun  1 2012,Hardwood,3
WICR9,1,Jun  8 2020,Conifer,0
WICR9,1,Jun  8 2020,Hardwood,2
WICR9,1,May 19 2016,Hardwood,3
WICR9,1,May 19 2016,Total,3
WICR9,1,May 20 2008,Hardwood,3
